image_id,embryo_id,snip_id,frame_index,area_px,bbox_x_min,bbox_y_min,bbox_x_max,bbox_y_max,mask_confidence,exported_mask_path,experiment_id,video_id,is_seed_frame,xpos,ypos,fraction_alive,region_label,experiment_date,well_id,time_int,surface_area_um,surface_area_um,length_um,width_um,bubble_flag,focus_flag,frame_flag,dead_flag,no_yolk_flag,use_embryo_flag,out_of_frame_flag,snip_um_per_pixel,use_embryo_flag_orig
20240418_D04_ch00_t0000,20240418_D04_e01,20240418_D04_e01_t0000,0,40787.0,0.1914116034719049,0.6665143901324806,0.2910004568296025,0.7724988579259936,0.85,20240418_D04_ch00_t0000_masks_emnum_2.png,20240418,20240418_D04,False,0.2412060301507537,0.7195066240292372,1.0,1,20240418,D04,0,40787.0,40787.0,243.56018,222.3526,False,False,False,False,False,True,True,6.5,True
20240418_D04_ch00_t0000,20240418_D04_e02,20240418_D04_e02_t0000,0,33499.0,0.5491091822750114,0.4933759707629054,0.6464138876199178,0.5879396984924623,0.85,20240418_D04_ch00_t0000_masks_emnum_2.png,20240418,20240418_D04,False,0.5977615349474645,0.5406578346276838,1.0,2,20240418,D04,0,33499.0,33499.0,223.51437,186.78793,False,False,False,False,False,True,True,6.5,True
20240418_D04_ch00_t0001,20240418_D04_e01,20240418_D04_e01_t0001,1,40531.0,0.1891274554591137,0.671082686158063,0.2896299680219278,0.7729556875285518,0.85,20240418_D04_ch00_t0001_masks_emnum_2.png,20240418,20240418_D04,False,0.23937871174052075,0.7220191868433075,1.0,1,20240418,D04,1,40531.0,40531.0,238.81363,224.24855,False,False,False,False,False,True,True,6.5,True
20240418_D04_ch00_t0001,20240418_D04_e02,20240418_D04_e02_t0001,1,35057.0,0.5431703974417542,0.4933759707629054,0.6464138876199178,0.5856555504796711,0.85,20240418_D04_ch00_t0001_masks_emnum_2.png,20240418,20240418_D04,False,0.594792142530836,0.5395157606212883,1.0,2,20240418,D04,1,35057.0,35057.0,223.32965,192.05794,False,False,False,False,False,True,True,6.5,True
20240418_D04_ch00_t0002,20240418_D04_e01,20240418_D04_e01_t0002,2,40920.0,0.187756966651439,0.6701690269529466,0.2905436272270443,0.7729556875285518,0.85,20240418_D04_ch00_t0002_masks_emnum_2.png,20240418,20240418_D04,True,0.23915029693924167,0.7215623572407492,1.0,1,20240418,D04,2,40920.0,40920.0,244.55995,224.20734,False,False,False,False,False,True,True,6.5,True
20240418_D04_ch00_t0002,20240418_D04_e02,20240418_D04_e02_t0002,2,31462.0,0.5431703974417542,0.4970306075833714,0.6400182731841023,0.5810872544540886,0.85,20240418_D04_ch00_t0002_masks_emnum_2.png,20240418,20240418_D04,True,0.5915943353129283,0.53905893101873,1.0,2,20240418,D04,2,31462.0,31462.0,216.47926,186.68846,False,False,False,False,False,True,True,6.5,True
20240418_D04_ch00_t0003,20240418_D04_e01,20240418_D04_e01_t0003,3,41627.0,0.1863864778437642,0.6687985381452718,0.2910004568296025,0.7724988579259936,0.85,20240418_D04_ch00_t0003_masks_emnum_2.png,20240418,20240418_D04,False,0.23869346733668334,0.7206486980356327,1.0,1,20240418,D04,3,41627.0,41627.0,250.00905,221.86172,False,False,False,False,False,True,True,6.5,True
20240418_D04_ch00_t0003,20240418_D04_e02,20240418_D04_e02_t0003,3,31198.0,0.5431703974417542,0.5006852444038373,0.6404751027866605,0.5833714024668799,0.85,20240418_D04_ch00_t0003_masks_emnum_2.png,20240418,20240418_D04,False,0.5918227501142074,0.5420283234353587,1.0,2,20240418,D04,3,31198.0,31198.0,213.09001,180.34073,False,False,False,False,False,True,True,6.5,True
20240418_D04_ch00_t0004,20240418_D04_e01,20240418_D04_e01_t0004,4,42808.0,0.184102329830973,0.6683417085427136,0.2932846048423937,0.7729556875285518,0.85,20240418_D04_ch00_t0004_masks_emnum_2.png,20240418,20240418_D04,False,0.23869346733668334,0.7206486980356327,1.0,1,20240418,D04,4,42808.0,42808.0,259.90527,223.77776,False,False,False,False,False,True,True,6.5,True
20240418_D04_ch00_t0004,20240418_D04_e02,20240418_D04_e02_t0004,4,29724.0,0.5468250342622202,0.5047967108268616,0.6423024211968935,0.5842850616719963,0.85,20240418_D04_ch00_t0004_masks_emnum_2.png,20240418,20240418_D04,False,0.5945637277295568,0.544540886249429,1.0,2,20240418,D04,4,29724.0,29724.0,208.85419,176.89482,False,False,False,False,False,True,True,6.5,True
20240418_D04_ch00_t0005,20240418_D04_e01,20240418_D04_e01_t0005,5,44133.0,0.1809045226130653,0.6660575605299224,0.2960255824577432,0.7715851987208772,0.85,20240418_D04_ch00_t0005_masks_emnum_2.png,20240418,20240418_D04,False,0.23846505253540423,0.7188213796253997,1.0,1,20240418,D04,5,44133.0,44133.0,268.72012,229.67876,False,False,False,False,False,True,True,6.5,True
20240418_D04_ch00_t0005,20240418_D04_e02,20240418_D04_e02_t0005,5,26747.0,0.5486523526724532,0.5070808588396528,0.6400182731841023,0.5820009136592051,0.85,20240418_D04_ch00_t0005_masks_emnum_2.png,20240418,20240418_D04,False,0.5943353129282778,0.544540886249429,1.0,2,20240418,D04,5,26747.0,26747.0,201.30965,164.32079,False,False,False,False,False,True,True,6.5,True
20240418_D04_ch00_t0006,20240418_D04_e01,20240418_D04_e01_t0006,6,45655.0,0.1777067153951576,0.6633165829145728,0.297396071265418,0.7706715395157606,0.85,20240418_D04_ch00_t0006_masks_emnum_2.png,20240418,20240418_D04,False,0.2375513933302878,0.7169940612151667,1.0,1,20240418,D04,6,45655.0,45655.0,275.09164,231.99008,False,False,False,False,False,True,True,6.5,True
20240418_D04_ch00_t0006,20240418_D04_e02,20240418_D04_e02_t0006,6,26684.0,0.5495660118775697,0.5089081772498858,0.6395614435815441,0.5833714024668799,0.85,20240418_D04_ch00_t0006_masks_emnum_2.png,20240418,20240418_D04,False,0.5945637277295569,0.5461397898583829,1.0,2,20240418,D04,6,26684.0,26684.0,200.48643,168.48627,False,False,False,False,False,True,True,6.5,True
20240418_D04_ch00_t0007,20240418_D04_e01,20240418_D04_e01_t0007,7,41034.0,0.1873001370488807,0.6624029237094564,0.2923709456372773,0.7679305619004112,0.85,20240418_D04_ch00_t0007_masks_emnum_2.png,20240418,20240418_D04,False,0.239835541343079,0.7151667428049338,1.0,1,20240418,D04,7,41034.0,41034.0,263.35367,219.94711,False,False,False,False,False,True,True,6.5,True
20240418_D04_ch00_t0007,20240418_D04_e02,20240418_D04_e02_t0007,7,25649.0,0.5504796710826861,0.5102786660575606,0.6391046139789859,0.5856555504796711,0.85,20240418_D04_ch00_t0007_masks_emnum_2.png,20240418,20240418_D04,False,0.594792142530836,0.5479671082686158,1.0,2,20240418,D04,7,25649.0,25649.0,200.82991,169.78323,False,False,False,False,False,True,True,6.5,True
20240418_D04_ch00_t0008,20240418_D04_e01,20240418_D04_e01_t0008,8,33493.0,0.1845591594335313,0.6610324349017817,0.2814070351758794,0.760164458656921,0.85,20240418_D04_ch00_t0008_masks_emnum_2.png,20240418,20240418_D04,False,0.23298309730470534,0.7105984467793514,1.0,1,20240418,D04,8,33493.0,33493.0,250.13759,184.41107,False,False,False,False,False,True,True,6.5,True
20240418_D04_ch00_t0008,20240418_D04_e02,20240418_D04_e02_t0008,8,24548.0,0.5527638190954773,0.5102786660575606,0.6372772955687529,0.5888533576975788,0.85,20240418_D04_ch00_t0008_masks_emnum_2.png,20240418,20240418_D04,False,0.5950205573321151,0.5495660118775697,1.0,2,20240418,D04,8,24548.0,24548.0,192.31155,167.62474,False,False,False,False,False,True,True,6.5,True
20240418_D04_ch00_t0009,20240418_D04_e01,20240418_D04_e01_t0009,9,34938.0,0.184102329830973,0.6619460941068981,0.2809502055733212,0.7606212882594792,0.85,20240418_D04_ch00_t0009_masks_emnum_2.png,20240418,20240418_D04,False,0.23252626770214707,0.7112836911831886,1.0,1,20240418,D04,9,34938.0,34938.0,246.28114,191.53462,False,False,False,False,False,True,True,6.5,True
20240418_D04_ch00_t0009,20240418_D04_e02,20240418_D04_e02_t0009,9,23619.0,0.5532206486980357,0.4974874371859296,0.6359068067610781,0.5897670169026953,0.85,20240418_D04_ch00_t0009_masks_emnum_2.png,20240418,20240418_D04,False,0.5945637277295569,0.5436272270443124,1.0,2,20240418,D04,9,23619.0,23619.0,188.29506,195.98312,False,False,False,False,False,True,True,6.5,True
20240418_D04_ch00_t0010,20240418_D04_e01,20240418_D04_e01_t0010,10,34217.0,0.1836455002284148,0.6637734125171311,0.2832343535861124,0.7633622658748287,0.85,20240418_D04_ch00_t0010_masks_emnum_2.png,20240418,20240418_D04,False,0.2334399269072636,0.7135678391959799,1.0,1,20240418,D04,10,34217.0,34217.0,245.85446,182.08635,False,False,False,False,False,True,True,6.5,True
20240418_D04_ch00_t0010,20240418_D04_e02,20240418_D04_e02_t0010,10,24559.0,0.5555047967108269,0.5139333028780265,0.6386477843764276,0.592964824120603,0.85,20240418_D04_ch00_t0010_masks_emnum_2.png,20240418,20240418_D04,False,0.5970762905436272,0.5534490634993148,1.0,2,20240418,D04,10,24559.0,24559.0,189.14471,169.21954,False,False,False,False,False,True,True,6.5,True
20240418_D04_ch00_t0011,20240418_D04_e01,20240418_D04_e01_t0011,11,32718.0,0.1900411146642302,0.6697121973503883,0.3024211968935587,0.7578803106441298,0.85,20240418_D04_ch00_t0011_masks_emnum_2.png,20240418,20240418_D04,False,0.24623115577889443,0.7137962539972591,1.0,1,20240418,D04,11,32718.0,32718.0,244.11546,185.25775,False,False,False,False,False,True,True,6.5,True
20240418_D04_ch00_t0011,20240418_D04_e02,20240418_D04_e02_t0011,11,24156.0,0.5550479671082686,0.5166742804933759,0.6386477843764276,0.5925079945180448,0.85,20240418_D04_ch00_t0011_masks_emnum_2.png,20240418,20240418_D04,False,0.5968478757423481,0.5545911375057104,1.0,2,20240418,D04,11,24156.0,24156.0,188.9267,164.9622,False,False,False,False,False,True,True,6.5,True
20240418_D04_ch00_t0012,20240418_D04_e01,20240418_D04_e01_t0012,12,27512.0,0.189584285061672,0.6651439013248058,0.2754682503426222,0.7555961626313386,0.85,20240418_D04_ch00_t0012_masks_emnum_2.png,20240418,20240418_D04,False,0.23252626770214707,0.7103700319780721,1.0,1,20240418,D04,12,27512.0,27512.0,211.65028,166.03339,False,False,False,False,False,True,True,6.5,True
20240418_D04_ch00_t0012,20240418_D04_e02,20240418_D04_e02_t0012,12,24091.0,0.5545911375057103,0.5171311100959343,0.6381909547738693,0.592964824120603,0.85,20240418_D04_ch00_t0012_masks_emnum_2.png,20240418,20240418_D04,False,0.5963910461397899,0.5550479671082686,1.0,2,20240418,D04,12,24091.0,24091.0,189.20073,162.40132,False,False,False,False,False,True,True,6.5,True
20240418_D04_ch00_t0013,20240418_D04_e01,20240418_D04_e01_t0013,13,26370.0,0.1914116034719049,0.665600730927364,0.2891731384193696,0.7551393330287802,0.85,20240418_D04_ch00_t0013_masks_emnum_2.png,20240418,20240418_D04,False,0.24029237094563724,0.7103700319780721,1.0,1,20240418,D04,13,26370.0,26370.0,210.37584,204.7395,False,False,False,False,False,True,True,6.5,True
20240418_D04_ch00_t0013,20240418_D04_e02,20240418_D04_e02_t0013,13,23866.0,0.5541343079031521,0.5175879396984925,0.6377341251713111,0.592964824120603,0.85,20240418_D04_ch00_t0013_masks_emnum_2.png,20240418,20240418_D04,False,0.5959342165372317,0.5552763819095478,1.0,2,20240418,D04,13,23866.0,23866.0,190.12845,159.51335,False,False,False,False,False,True,True,6.5,True
20240418_D04_ch00_t0014,20240418_D04_e01,20240418_D04_e01_t0014,14,28705.0,0.1904979442667884,0.6587482868889905,0.2910004568296025,0.7555961626313386,0.85,20240418_D04_ch00_t0014_masks_emnum_2.png,20240418,20240418_D04,False,0.24074920054819546,0.7071722247601645,1.0,1,20240418,D04,14,28705.0,28705.0,227.65288,210.43097,False,False,False,False,False,True,True,6.5,True
20240418_D04_ch00_t0014,20240418_D04_e02,20240418_D04_e02_t0014,14,23454.0,0.5532206486980357,0.5185015989036089,0.6381909547738693,0.5934216537231612,0.85,20240418_D04_ch00_t0014_masks_emnum_2.png,20240418,20240418_D04,False,0.5957058017359524,0.5559616263133851,1.0,2,20240418,D04,14,23454.0,23454.0,192.26105,154.30841,False,False,False,False,False,True,True,6.5,True
20240418_D04_ch00_t0015,20240418_D04_e01,20240418_D04_e01_t0015,15,40906.0,0.1964367291000456,0.6409319323892189,0.2910004568296025,0.7642759250799451,0.85,20240418_D04_ch00_t0015_masks_emnum_2.png,20240418,20240418_D04,False,0.24371859296482407,0.702603928734582,1.0,1,20240418,D04,15,40906.0,40906.0,269.5317,204.89798,False,False,False,False,False,True,True,6.5,True
20240418_D04_ch00_t0015,20240418_D04_e02,20240418_D04_e02_t0015,15,25805.0,0.5523069894929191,0.5034262220191869,0.6377341251713111,0.5915943353129283,0.85,20240418_D04_ch00_t0015_masks_emnum_2.png,20240418,20240418_D04,False,0.5950205573321151,0.5475102786660575,1.0,2,20240418,D04,15,25805.0,25805.0,197.87943,196.24628,False,False,False,False,False,True,True,6.5,True
20240418_D04_ch00_t0016,20240418_D04_e01,20240418_D04_e01_t0016,16,49474.0,0.1699406121516674,0.6413887619917771,0.3106441297396071,0.7697578803106442,0.85,20240418_D04_ch00_t0016_masks_emnum_2.png,20240418,20240418_D04,False,0.24029237094563724,0.7055733211512106,1.0,1,20240418,D04,16,49474.0,49474.0,283.91116,302.61945,False,False,False,False,False,True,True,6.5,True
20240418_D04_ch00_t0016,20240418_D04_e02,20240418_D04_e02_t0016,16,25819.0,0.5513933302878027,0.505710370031978,0.6359068067610781,0.5920511649154865,0.85,20240418_D04_ch00_t0016_masks_emnum_2.png,20240418,20240418_D04,False,0.5936500685244404,0.5488807674737323,1.0,2,20240418,D04,16,25819.0,25819.0,206.65111,195.91943,False,False,False,False,False,True,True,6.5,True
20240418_D04_ch00_t0017,20240418_D04_e01,20240418_D04_e01_t0017,17,57311.0,0.1649154865235267,0.6464138876199178,0.3138419369575148,0.7738693467336684,0.85,20240418_D04_ch00_t0017_masks_emnum_2.png,20240418,20240418_D04,False,0.23937871174052072,0.7101416171767931,1.0,1,20240418,D04,17,57311.0,57311.0,325.40393,280.56647,False,False,False,False,False,True,True,6.5,True
20240418_D04_ch00_t0017,20240418_D04_e02,20240418_D04_e02_t0017,17,27655.0,0.5500228414801279,0.5107354956601188,0.6386477843764276,0.5979899497487438,0.85,20240418_D04_ch00_t0017_masks_emnum_2.png,20240418,20240418_D04,False,0.5943353129282778,0.5543627227044312,1.0,2,20240418,D04,17,27655.0,27655.0,217.5167,196.15167,False,False,False,False,False,True,True,6.5,True
20240418_D04_ch00_t0018,20240418_D04_e01,20240418_D04_e01_t0018,18,53603.0,0.1653723161260849,0.6491548652352672,0.3097304705344906,0.7734125171311101,0.85,20240418_D04_ch00_t0018_masks_emnum_2.png,20240418,20240418_D04,False,0.23755139333028774,0.7112836911831887,1.0,1,20240418,D04,18,53603.0,53603.0,315.61935,269.29468,False,False,False,False,False,True,True,6.5,True
20240418_D04_ch00_t0018,20240418_D04_e02,20240418_D04_e02_t0018,18,46978.0,0.5372316126084971,0.5015989036089539,0.6427592507994518,0.6697121973503883,0.85,20240418_D04_ch00_t0018_masks_emnum_2.png,20240418,20240418_D04,False,0.5899954317039744,0.5856555504796711,1.0,2,20240418,D04,18,46978.0,46978.0,356.18213,179.19563,False,False,False,False,False,True,True,6.5,True
20240418_D04_ch00_t0019,20240418_D04_e01,20240418_D04_e01_t0019,19,48920.0,0.1653723161260849,0.6528095020557332,0.3033348560986752,0.7724988579259936,0.85,20240418_D04_ch00_t0019_masks_emnum_2.png,20240418,20240418_D04,False,0.23435358611238005,0.7126541799908634,1.0,1,20240418,D04,19,48920.0,48920.0,303.7487,259.6287,False,False,False,False,False,True,True,6.5,True
20240418_D04_ch00_t0019,20240418_D04_e02,20240418_D04_e02_t0019,19,54126.0,0.5006852444038373,0.5153037916857013,0.6295111923252626,0.6861580630424852,0.85,20240418_D04_ch00_t0019_masks_emnum_2.png,20240418,20240418_D04,False,0.56509821836455,0.6007309273640933,1.0,2,20240418,D04,19,54126.0,54126.0,375.6972,213.3195,False,False,False,False,False,True,True,6.5,True
20240418_D04_ch00_t0020,20240418_D04_e01,20240418_D04_e01_t0020,20,44365.0,0.1658291457286432,0.6582914572864321,0.297396071265418,0.7711283691183188,0.85,20240418_D04_ch00_t0020_masks_emnum_2.png,20240418,20240418_D04,False,0.2316126084970306,0.7147099132023755,1.0,1,20240418,D04,20,44365.0,44365.0,288.7955,246.75511,False,False,False,False,False,True,True,6.5,True
20240418_D04_ch00_t0020,20240418_D04_e02,20240418_D04_e02_t0020,20,48525.0,0.505710370031978,0.5180447693010507,0.6249428962996803,0.6834170854271356,0.85,20240418_D04_ch00_t0020_masks_emnum_2.png,20240418,20240418_D04,False,0.5653266331658291,0.6007309273640932,1.0,2,20240418,D04,20,48525.0,48525.0,364.65527,200.55113,False,False,False,False,False,True,True,6.5,True
20240418_D04_ch00_t0021,20240418_D04_e01,20240418_D04_e01_t0021,21,41433.0,0.1681132937414344,0.6614892645043399,0.2946550936500685,0.7706715395157606,0.85,20240418_D04_ch00_t0021_masks_emnum_2.png,20240418,20240418_D04,False,0.23138419369575144,0.7160804020100502,1.0,1,20240418,D04,21,41433.0,41433.0,277.22787,238.93915,False,False,False,False,False,True,True,6.5,True
20240418_D04_ch00_t0021,20240418_D04_e02,20240418_D04_e02_t0021,21,42898.0,0.511192325262677,0.5221562357240749,0.6185472818638648,0.6806761078117862,0.85,20240418_D04_ch00_t0021_masks_emnum_2.png,20240418,20240418_D04,False,0.5648698035632709,0.6014161717679305,1.0,2,20240418,D04,21,42898.0,42898.0,346.06866,188.57123,False,False,False,False,False,True,True,6.5,True
20240418_D04_ch00_t0022,20240418_D04_e01,20240418_D04_e01_t0022,22,39505.0,0.1676564641388762,0.6642302421196894,0.2923709456372773,0.7702147099132024,0.85,20240418_D04_ch00_t0022_masks_emnum_2.png,20240418,20240418_D04,False,0.23001370488807674,0.7172224760164458,1.0,1,20240418,D04,22,39505.0,39505.0,272.9862,232.00491,False,False,False,False,False,True,True,6.5,True
20240418_D04_ch00_t0022,20240418_D04_e02,20240418_D04_e02_t0022,22,38786.0,0.5139333028780265,0.5244403837368662,0.6158063042485153,0.6779351301964367,0.85,20240418_D04_ch00_t0022_masks_emnum_2.png,20240418,20240418_D04,False,0.5648698035632709,0.6011877569666515,1.0,2,20240418,D04,22,38786.0,38786.0,332.2851,184.62358,False,False,False,False,False,True,True,6.5,True
20240418_D04_ch00_t0023,20240418_D04_e01,20240418_D04_e01_t0023,23,37957.0,0.1653723161260849,0.6660575605299224,0.2910004568296025,0.7688442211055276,0.85,20240418_D04_ch00_t0023_masks_emnum_2.png,20240418,20240418_D04,False,0.22818638647784373,0.7174508908177251,1.0,1,20240418,D04,23,37957.0,37957.0,274.95987,225.03421,False,False,False,False,False,True,True,6.5,True
20240418_D04_ch00_t0023,20240418_D04_e02,20240418_D04_e02_t0023,23,36341.0,0.5153037916857013,0.5271813613522156,0.615349474645957,0.6774783005938785,0.85,20240418_D04_ch00_t0023_masks_emnum_2.png,20240418,20240418_D04,False,0.5653266331658291,0.602329830973047,1.0,2,20240418,D04,23,36341.0,36341.0,319.85114,180.30086,False,False,False,False,False,True,True,6.5,True
20240418_D04_ch00_t0024,20240418_D04_e01,20240418_D04_e01_t0024,24,36557.0,0.1676564641388762,0.6678848789401554,0.2891731384193696,0.7683873915029694,0.85,20240418_D04_ch00_t0024_masks_emnum_2.png,20240418,20240418_D04,False,0.2284148012791229,0.7181361352215624,1.0,1,20240418,D04,24,36557.0,36557.0,265.47278,220.31322,False,False,False,False,False,True,True,6.5,True
20240418_D04_ch00_t0024,20240418_D04_e02,20240418_D04_e02_t0024,24,34514.0,0.5162174508908177,0.5280950205573322,0.6148926450433988,0.6761078117862037,0.85,20240418_D04_ch00_t0024_masks_emnum_2.png,20240418,20240418_D04,False,0.5655550479671083,0.6021014161717679,1.0,2,20240418,D04,24,34514.0,34514.0,310.85016,175.65918,False,False,False,False,False,True,True,6.5,True
20240418_D04_ch00_t0025,20240418_D04_e01,20240418_D04_e01_t0025,25,35783.0,0.1653723161260849,0.6683417085427136,0.2882594792142531,0.7679305619004112,0.85,20240418_D04_ch00_t0025_masks_emnum_2.png,20240418,20240418_D04,False,0.22681589767016902,0.7181361352215624,1.0,1,20240418,D04,25,35783.0,35783.0,268.0922,218.41058,False,False,False,False,False,True,True,6.5,True
20240418_D04_ch00_t0025,20240418_D04_e02,20240418_D04_e02_t0025,25,33032.0,0.5175879396984925,0.5290086797624486,0.6148926450433988,0.6751941525810873,0.85,20240418_D04_ch00_t0025_masks_emnum_2.png,20240418,20240418_D04,False,0.5662402923709456,0.6021014161717679,1.0,2,20240418,D04,25,33032.0,33032.0,307.03076,172.03369,False,False,False,False,False,True,True,6.5,True
20240418_D04_ch00_t0026,20240418_D04_e01,20240418_D04_e01_t0026,26,35180.0,0.1649154865235267,0.66925536774783,0.2878026496116948,0.7674737322978529,0.85,20240418_D04_ch00_t0026_masks_emnum_2.png,20240418,20240418_D04,False,0.22635906806761075,0.7183645500228415,1.0,1,20240418,D04,26,35180.0,35180.0,268.33203,215.55423,False,False,False,False,False,True,True,6.5,True
20240418_D04_ch00_t0026,20240418_D04_e02,20240418_D04_e02_t0026,26,31636.0,0.5194152581087255,0.5326633165829145,0.6148926450433988,0.6742804933759707,0.85,20240418_D04_ch00_t0026_masks_emnum_2.png,20240418,20240418_D04,False,0.5671539515760622,0.6034719049794426,1.0,2,20240418,D04,26,31636.0,31636.0,291.81262,169.14519,False,False,False,False,False,True,True,6.5,True
20240418_D04_ch00_t0027,20240418_D04_e01,20240418_D04_e01_t0027,27,34266.0,0.1653723161260849,0.6697121973503883,0.2873458200091366,0.7670169026952947,0.85,20240418_D04_ch00_t0027_masks_emnum_2.png,20240418,20240418_D04,False,0.22635906806761075,0.7183645500228415,1.0,1,20240418,D04,27,34266.0,34266.0,265.63278,213.53877,False,False,False,False,False,True,True,6.5,True
20240418_D04_ch00_t0027,20240418_D04_e02,20240418_D04_e02_t0027,27,30638.0,0.5203289173138419,0.5386021014161718,0.6144358154408406,0.6742804933759707,0.85,20240418_D04_ch00_t0027_masks_emnum_2.png,20240418,20240418_D04,False,0.5673823663773412,0.6064412973960713,1.0,2,20240418,D04,27,30638.0,30638.0,284.38525,167.86226,False,False,False,False,False,True,True,6.5,True
20240418_D04_ch00_t0028,20240418_D04_e01,20240418_D04_e01_t0028,28,33987.0,0.1649154865235267,0.6697121973503883,0.2868889904065783,0.7661032434901781,0.85,20240418_D04_ch00_t0028_masks_emnum_2.png,20240418,20240418_D04,False,0.22590223846505247,0.7179077204202833,1.0,1,20240418,D04,28,33987.0,33987.0,265.80356,211.18958,False,False,False,False,False,True,True,6.5,True
20240418_D04_ch00_t0028,20240418_D04_e02,20240418_D04_e02_t0028,28,29908.0,0.5207857469164002,0.53905893101873,0.613522156235724,0.6738236637734125,0.85,20240418_D04_ch00_t0028_masks_emnum_2.png,20240418,20240418_D04,False,0.5671539515760622,0.6064412973960713,1.0,2,20240418,D04,28,29908.0,29908.0,281.80502,164.05841,False,False,False,False,False,True,True,6.5,True
20240418_D04_ch00_t0029,20240418_D04_e01,20240418_D04_e01_t0029,29,33346.0,0.1649154865235267,0.6701690269529466,0.2868889904065783,0.7651895842850617,0.85,20240418_D04_ch00_t0029_masks_emnum_2.png,20240418,20240418_D04,False,0.22590223846505247,0.7176793056190041,1.0,1,20240418,D04,29,33346.0,33346.0,265.07037,208.1695,False,False,False,False,False,True,True,6.5,True
20240418_D04_ch00_t0029,20240418_D04_e02,20240418_D04_e02_t0029,29,29192.0,0.5212425765189584,0.5404294198264048,0.6130653266331658,0.6733668341708543,0.85,20240418_D04_ch00_t0029_masks_emnum_2.png,20240418,20240418_D04,False,0.5671539515760622,0.6068981269986296,1.0,2,20240418,D04,29,29192.0,29192.0,278.72668,161.69206,False,False,False,False,False,True,True,6.5,True
20240418_D04_ch00_t0030,20240418_D04_e01,20240418_D04_e01_t0030,30,32837.0,0.1658291457286432,0.6706258565555048,0.2864321608040201,0.7642759250799451,0.85,20240418_D04_ch00_t0030_masks_emnum_2.png,20240418,20240418_D04,False,0.22613065326633167,0.717450890817725,1.0,1,20240418,D04,30,32837.0,32837.0,261.71533,205.12358,False,False,False,False,False,True,True,6.5,True
20240418_D04_ch00_t0030,20240418_D04_e02,20240418_D04_e02_t0030,30,28544.0,0.5216994061215167,0.5417999086340795,0.6126084970306076,0.6724531749657378,0.85,20240418_D04_ch00_t0030_masks_emnum_2.png,20240418,20240418_D04,False,0.5671539515760622,0.6071265417999085,1.0,2,20240418,D04,30,28544.0,28544.0,276.35837,160.83083,False,False,False,False,False,True,True,6.5,True
20240418_D04_ch00_t0031,20240418_D04_e01,20240418_D04_e01_t0031,31,32335.0,0.1658291457286432,0.6706258565555048,0.2864321608040201,0.7629054362722705,0.85,20240418_D04_ch00_t0031_masks_emnum_2.png,20240418,20240418_D04,False,0.22613065326633167,0.7167656464138876,1.0,1,20240418,D04,31,32335.0,32335.0,261.57126,202.27719,False,False,False,False,False,True,True,6.5,True
20240418_D04_ch00_t0031,20240418_D04_e02,20240418_D04_e02_t0031,31,28015.0,0.5221562357240749,0.5422567382366378,0.6121516674280494,0.6719963453631795,0.85,20240418_D04_ch00_t0031_masks_emnum_2.png,20240418,20240418_D04,False,0.5671539515760622,0.6071265417999087,1.0,2,20240418,D04,31,28015.0,28015.0,274.1996,158.0228,False,False,False,False,False,True,True,6.5,True
20240418_D04_ch00_t0032,20240418_D04_e01,20240418_D04_e01_t0032,32,31961.0,0.1699406121516674,0.671082686158063,0.2864321608040201,0.7619917770671539,0.85,20240418_D04_ch00_t0032_masks_emnum_2.png,20240418,20240418_D04,False,0.22818638647784376,0.7165372316126084,1.0,1,20240418,D04,32,31961.0,31961.0,252.52612,199.20235,False,False,False,False,False,True,True,6.5,True
20240418_D04_ch00_t0032,20240418_D04_e02,20240418_D04_e02_t0032,32,27681.0,0.5226130653266332,0.5422567382366378,0.6116948378254911,0.671082686158063,0.85,20240418_D04_ch00_t0032_masks_emnum_2.png,20240418,20240418_D04,False,0.5671539515760622,0.6066697121973503,1.0,2,20240418,D04,32,27681.0,27681.0,272.55893,158.40433,False,False,False,False,False,True,True,6.5,True
20240418_D04_ch00_t0033,20240418_D04_e01,20240418_D04_e01_t0033,33,31641.0,0.1658291457286432,0.6715395157606213,0.2859753312014618,0.7615349474645957,0.85,20240418_D04_ch00_t0033_masks_emnum_2.png,20240418,20240418_D04,False,0.2259022384650525,0.7165372316126085,1.0,1,20240418,D04,33,31641.0,31641.0,260.54556,197.49638,False,False,False,False,False,True,True,6.5,True
20240418_D04_ch00_t0033,20240418_D04_e02,20240418_D04_e02_t0033,33,27261.0,0.5230698949291914,0.542713567839196,0.6112380082229328,0.6706258565555048,0.85,20240418_D04_ch00_t0033_masks_emnum_2.png,20240418,20240418_D04,False,0.5671539515760622,0.6066697121973503,1.0,2,20240418,D04,33,27261.0,27261.0,270.75986,157.00484,False,False,False,False,False,True,True,6.5,True
20240418_D04_ch00_t0034,20240418_D04_e01,20240418_D04_e01_t0034,34,31254.0,0.1699406121516674,0.6715395157606213,0.2859753312014618,0.7610781178620375,0.85,20240418_D04_ch00_t0034_masks_emnum_2.png,20240418,20240418_D04,False,0.2279579716765646,0.7163088168113294,1.0,1,20240418,D04,34,31254.0,31254.0,250.98782,196.35313,False,False,False,False,False,True,True,6.5,True
20240418_D04_ch00_t0034,20240418_D04_e02,20240418_D04_e02_t0034,34,26878.0,0.5235267245317496,0.542713567839196,0.6112380082229328,0.6706258565555048,0.85,20240418_D04_ch00_t0034_masks_emnum_2.png,20240418,20240418_D04,False,0.5673823663773412,0.6066697121973503,1.0,2,20240418,D04,34,26878.0,26878.0,269.80585,155.55354,False,False,False,False,False,True,True,6.5,True
20240418_D04_ch00_t0035,20240418_D04_e01,20240418_D04_e01_t0035,35,30969.0,0.1703974417542256,0.6719963453631795,0.2855185015989036,0.7606212882594792,0.85,20240418_D04_ch00_t0035_masks_emnum_2.png,20240418,20240418_D04,False,0.2279579716765646,0.7163088168113294,1.0,1,20240418,D04,35,30969.0,30969.0,250.3707,194.49332,False,False,False,False,False,True,True,6.5,True
20240418_D04_ch00_t0035,20240418_D04_e02,20240418_D04_e02_t0035,35,26662.0,0.5235267245317496,0.542713567839196,0.6107811786203746,0.6706258565555048,0.85,20240418_D04_ch00_t0035_masks_emnum_2.png,20240418,20240418_D04,False,0.5671539515760622,0.6066697121973503,1.0,2,20240418,D04,35,26662.0,26662.0,269.10577,154.35071,False,False,False,False,False,True,True,6.5,True
20240418_D04_ch00_t0036,20240418_D04_e01,20240418_D04_e01_t0036,36,30828.0,0.1658291457286432,0.6719963453631795,0.2850616719963453,0.760164458656921,0.85,20240418_D04_ch00_t0036_masks_emnum_2.png,20240418,20240418_D04,False,0.22544540886249426,0.7160804020100502,1.0,1,20240418,D04,36,30828.0,30828.0,258.18338,193.32942,False,False,False,False,False,True,True,6.5,True
20240418_D04_ch00_t0036,20240418_D04_e02,20240418_D04_e02_t0036,36,26387.0,0.5235267245317496,0.5431703974417542,0.6103243490178164,0.6697121973503883,0.85,20240418_D04_ch00_t0036_masks_emnum_2.png,20240418,20240418_D04,False,0.566925536774783,0.6064412973960713,1.0,2,20240418,D04,36,26387.0,26387.0,268.50555,152.67508,False,False,False,False,False,True,True,6.5,True
20240418_D04_ch00_t0037,20240418_D04_e01,20240418_D04_e01_t0037,37,30574.0,0.1703974417542256,0.6724531749657378,0.2850616719963453,0.760164458656921,0.85,20240418_D04_ch00_t0037_masks_emnum_2.png,20240418,20240418_D04,False,0.22772955687528545,0.7163088168113294,1.0,1,20240418,D04,37,30574.0,30574.0,249.13219,192.58502,False,False,False,False,False,True,True,6.5,True
20240418_D04_ch00_t0037,20240418_D04_e02,20240418_D04_e02_t0037,37,26197.0,0.5239835541343079,0.5431703974417542,0.6103243490178164,0.6697121973503883,0.85,20240418_D04_ch00_t0037_masks_emnum_2.png,20240418,20240418_D04,False,0.5671539515760622,0.6064412973960713,1.0,2,20240418,D04,37,26197.0,26197.0,266.8677,152.06476,False,False,False,False,False,True,True,6.5,True
20240418_D04_ch00_t0038,20240418_D04_e01,20240418_D04_e01_t0038,38,30302.0,0.1699406121516674,0.6724531749657378,0.2846048423937871,0.7597076290543627,0.85,20240418_D04_ch00_t0038_masks_emnum_2.png,20240418,20240418_D04,False,0.22727272727272724,0.7160804020100502,1.0,1,20240418,D04,38,30302.0,30302.0,248.37027,191.424,False,False,False,False,False,True,True,6.5,True
20240418_D04_ch00_t0038,20240418_D04_e02,20240418_D04_e02_t0038,38,25989.0,0.5239835541343079,0.5436272270443124,0.6098675194152581,0.6687985381452718,0.85,20240418_D04_ch00_t0038_masks_emnum_2.png,20240418,20240418_D04,False,0.566925536774783,0.6062128825947921,1.0,2,20240418,D04,38,25989.0,25989.0,265.3601,151.7817,False,False,False,False,False,True,True,6.5,True
20240418_D04_ch00_t0039,20240418_D04_e01,20240418_D04_e01_t0039,39,30116.0,0.1703974417542256,0.6724531749657378,0.2846048423937871,0.7592507994518045,0.85,20240418_D04_ch00_t0039_masks_emnum_2.png,20240418,20240418_D04,False,0.22750114207400635,0.7158519872087712,1.0,1,20240418,D04,39,30116.0,30116.0,248.1857,190.24884,False,False,False,False,False,True,True,6.5,True
20240418_D04_ch00_t0039,20240418_D04_e02,20240418_D04_e02_t0039,39,25758.0,0.5239835541343079,0.5440840566468708,0.6098675194152581,0.6683417085427136,0.85,20240418_D04_ch00_t0039_masks_emnum_2.png,20240418,20240418_D04,False,0.566925536774783,0.6062128825947921,1.0,2,20240418,D04,39,25758.0,25758.0,265.23853,149.70128,False,False,False,False,False,True,True,6.5,True
20240418_D04_ch00_t0040,20240418_D04_e01,20240418_D04_e01_t0040,40,29870.0,0.1703974417542256,0.6724531749657378,0.2846048423937871,0.7587939698492462,0.85,20240418_D04_ch00_t0040_masks_emnum_2.png,20240418,20240418_D04,False,0.22750114207400635,0.715623572407492,1.0,1,20240418,D04,40,29870.0,29870.0,248.15013,189.40224,False,False,False,False,False,True,True,6.5,True
20240418_D04_ch00_t0040,20240418_D04_e02,20240418_D04_e02_t0040,40,25646.0,0.5239835541343079,0.5440840566468708,0.6094106898126999,0.6683417085427136,0.85,20240418_D04_ch00_t0040_masks_emnum_2.png,20240418,20240418_D04,False,0.5666971219735039,0.6062128825947921,1.0,2,20240418,D04,40,25646.0,25646.0,264.4993,148.9715,False,False,False,False,False,True,True,6.5,True
20240418_D04_ch00_t0041,20240418_D04_e01,20240418_D04_e01_t0041,41,29660.0,0.1703974417542256,0.6724531749657378,0.2841480127912288,0.758337140246688,0.85,20240418_D04_ch00_t0041_masks_emnum_2.png,20240418,20240418_D04,False,0.2272727272727272,0.7153951576062129,1.0,1,20240418,D04,41,29660.0,29660.0,247.2296,188.5962,False,False,False,False,False,True,True,6.5,True
20240418_D04_ch00_t0041,20240418_D04_e02,20240418_D04_e02_t0041,41,25545.0,0.5239835541343079,0.5440840566468708,0.6094106898126999,0.6678848789401554,0.85,20240418_D04_ch00_t0041_masks_emnum_2.png,20240418,20240418_D04,False,0.5666971219735039,0.6059844677935131,1.0,2,20240418,D04,41,25545.0,25545.0,263.94165,147.81612,False,False,False,False,False,True,True,6.5,True
20240418_D04_ch00_t0042,20240418_D04_e01,20240418_D04_e01_t0042,42,29344.0,0.1703974417542256,0.672910004568296,0.2841480127912288,0.758337140246688,0.85,20240418_D04_ch00_t0042_masks_emnum_2.png,20240418,20240418_D04,False,0.2272727272727272,0.715623572407492,1.0,1,20240418,D04,42,29344.0,29344.0,246.89778,187.84923,False,False,False,False,False,True,True,6.5,True
20240418_D04_ch00_t0042,20240418_D04_e02,20240418_D04_e02_t0042,42,25286.0,0.5244403837368662,0.5440840566468708,0.6094106898126999,0.6678848789401554,0.85,20240418_D04_ch00_t0042_masks_emnum_2.png,20240418,20240418_D04,False,0.566925536774783,0.6059844677935131,1.0,2,20240418,D04,42,25286.0,25286.0,263.61624,147.16753,False,False,False,False,False,True,True,6.5,True
20240418_D04_ch00_t0043,20240418_D04_e01,20240418_D04_e01_t0043,43,29269.0,0.1703974417542256,0.672910004568296,0.2841480127912288,0.758337140246688,0.85,20240418_D04_ch00_t0043_masks_emnum_2.png,20240418,20240418_D04,False,0.2272727272727272,0.715623572407492,1.0,1,20240418,D04,43,29269.0,29269.0,246.84737,187.41687,False,False,False,False,False,True,True,6.5,True
20240418_D04_ch00_t0043,20240418_D04_e02,20240418_D04_e02_t0043,43,25141.0,0.5244403837368662,0.5440840566468708,0.6094106898126999,0.667428049337597,0.85,20240418_D04_ch00_t0043_masks_emnum_2.png,20240418,20240418_D04,False,0.566925536774783,0.6057560529922339,1.0,2,20240418,D04,43,25141.0,25141.0,262.67584,146.50214,False,False,False,False,False,True,True,6.5,True
20240418_D04_ch00_t0044,20240418_D04_e01,20240418_D04_e01_t0044,44,28998.0,0.1703974417542256,0.672910004568296,0.2836911831886706,0.7578803106441298,0.85,20240418_D04_ch00_t0044_masks_emnum_2.png,20240418,20240418_D04,False,0.2270443124714481,0.7153951576062129,1.0,1,20240418,D04,44,28998.0,28998.0,246.38019,186.33264,False,False,False,False,False,True,True,6.5,True
20240418_D04_ch00_t0044,20240418_D04_e02,20240418_D04_e02_t0044,44,24968.0,0.5244403837368662,0.5440840566468708,0.6089538602101416,0.667428049337597,0.85,20240418_D04_ch00_t0044_masks_emnum_2.png,20240418,20240418_D04,False,0.566697121973504,0.6057560529922339,1.0,2,20240418,D04,44,24968.0,24968.0,261.82312,145.60048,False,False,False,False,False,True,True,6.5,True
20240418_D04_ch00_t0045,20240418_D04_e01,20240418_D04_e01_t0045,45,28769.0,0.1703974417542256,0.6733668341708543,0.2836911831886706,0.7574234810415715,0.85,20240418_D04_ch00_t0045_masks_emnum_2.png,20240418,20240418_D04,False,0.2270443124714481,0.715395157606213,1.0,1,20240418,D04,45,28769.0,28769.0,246.16211,184.7834,False,False,False,False,False,True,True,6.5,True
20240418_D04_ch00_t0045,20240418_D04_e02,20240418_D04_e02_t0045,45,24754.0,0.5248972133394244,0.5436272270443124,0.6089538602101416,0.6669712197350388,0.85,20240418_D04_ch00_t0045_masks_emnum_2.png,20240418,20240418_D04,False,0.566925536774783,0.6052992233896757,1.0,2,20240418,D04,45,24754.0,24754.0,262.0703,145.12318,False,False,False,False,False,True,True,6.5,True
20240418_E01_ch00_t0000,20240418_E01_e01,20240418_E01_e01_t0000,0,40785.0,0.5518501598903609,0.5641845591594336,0.6605756052992234,0.6701690269529466,0.85,20240418_E01_ch00_t0000_masks_emnum_2.png,20240418,20240418_E01,False,0.6062128825947921,0.61717679305619,1.0,1,20240418,E01,0,40785.0,40785.0,243.13559,216.78925,False,False,False,False,False,True,True,6.5,True
20240418_E01_ch00_t0000,20240418_E01_e02,20240418_E01_e02_t0000,0,48491.0,0.187756966651439,0.6724531749657378,0.2941982640475102,0.7912288716308817,0.85,20240418_E01_ch00_t0000_masks_emnum_2.png,20240418,20240418_E01,False,0.2409776153494746,0.7318410232983097,1.0,2,20240418,E01,0,48491.0,48491.0,265.30734,234.44687,False,False,False,False,False,True,True,6.5,True
20240418_E01_ch00_t0001,20240418_E01_e01,20240418_E01_e01_t0001,1,40030.0,0.5404294198264048,0.5660118775696665,0.6500685244403838,0.6697121973503883,0.85,20240418_E01_ch00_t0001_masks_emnum_2.png,20240418,20240418_E01,False,0.5952489721333942,0.6178620374600274,1.0,1,20240418,E01,1,40030.0,40030.0,251.54468,216.31665,False,False,False,False,False,True,True,6.5,True
20240418_E01_ch00_t0001,20240418_E01_e02,20240418_E01_e02_t0001,1,45592.0,0.1740520785746916,0.680219278209228,0.2818638647784376,0.79168570123344,0.85,20240418_E01_ch00_t0001_masks_emnum_2.png,20240418,20240418_E01,False,0.22795797167656462,0.735952489721334,1.0,2,20240418,E01,1,45592.0,45592.0,261.54086,238.38571,False,False,False,False,False,True,True,6.5,True
20240418_E01_ch00_t0002,20240418_E01_e01,20240418_E01_e01_t0002,2,40315.0,0.5404294198264048,0.566925536774783,0.652352672453175,0.6701690269529466,0.85,20240418_E01_ch00_t0002_masks_emnum_2.png,20240418,20240418_E01,False,0.5963910461397899,0.6185472818638648,1.0,1,20240418,E01,2,40315.0,40315.0,257.83313,219.97746,False,False,False,False,False,True,True,6.5,True
20240418_E01_ch00_t0002,20240418_E01_e02,20240418_E01_e02_t0002,2,46197.0,0.1772498857925993,0.6770214709913203,0.2818638647784376,0.7912288716308817,0.85,20240418_E01_ch00_t0002_masks_emnum_2.png,20240418,20240418_E01,False,0.22955687528551844,0.734125171311101,1.0,2,20240418,E01,2,46197.0,46197.0,261.02054,238.78763,False,False,False,False,False,True,True,6.5,True
20240418_E01_ch00_t0003,20240418_E01_e01,20240418_E01_e01_t0003,3,41176.0,0.5417999086340795,0.5682960255824577,0.6578346276838739,0.6719963453631795,0.85,20240418_E01_ch00_t0003_masks_emnum_2.png,20240418,20240418_E01,False,0.5998172681589766,0.6201461854728186,1.0,1,20240418,E01,3,41176.0,41176.0,266.37537,224.88933,False,False,False,False,False,True,True,6.5,True
20240418_E01_ch00_t0003,20240418_E01_e02,20240418_E01_e02_t0003,3,46569.0,0.1799908634079488,0.6761078117862037,0.2850616719963453,0.7907720420283234,0.85,20240418_E01_ch00_t0003_masks_emnum_2.png,20240418,20240418_E01,False,0.23252626770214704,0.7334399269072636,1.0,2,20240418,E01,3,46569.0,46569.0,264.88098,241.60756,False,False,False,False,False,True,True,6.5,True
