PCA_1,PCA_2,PCA_3,phenotype
1.359189570078596,1.5029619358167896,2.3848305809245316,wt
1.3590190179696977,1.5116114536306342,2.367567701147082,wt
1.357723426127809,1.5249827814065022,2.343346371602267,wt
1.3587901230005652,1.5037955638104368,2.361277075924525,wt
1.3575260034811372,1.4799499533801634,2.374494548013463,wt
1.3504621743943916,1.4737323065960248,2.350164446793983,wt
1.3449017503566334,1.4786935474983802,2.3231464396397796,wt
1.3398500325332712,1.4858007092359669,2.2964942996781286,wt
1.3350590566919998,1.4939395925592647,2.270077434506699,wt
1.3304386288510002,1.5027033063109168,2.2438518950939903,wt
1.3259269902680602,1.5118831298030282,2.2177342916690925,wt
1.3214911138058936,1.5213349766133166,2.191708641129483,wt
1.3171076511044195,1.5309866775341456,2.1657391076607087,wt
1.3127648434539436,1.5407870130400791,2.1398200230813105,wt
1.3084541047363332,1.550702566581405,2.113943989067719,wt
1.3041679935749657,1.5607123911709124,2.088097997562922,wt
1.299900698803013,1.5708014791777898,2.0622708354618324,wt
1.2956519525575316,1.5809480912694311,2.036479587121255,wt
1.2914147046056084,1.591151117531715,2.010696522756072,wt
1.2871888223071297,1.6013961524295652,1.9849332668273958,wt
1.2829716636800443,1.6116771528920706,1.9591842834832012,wt
1.2787607893717425,1.6219893795255929,1.933443826735786,wt
1.2745548542964524,1.6323267515263469,1.9077117732561677,wt
1.2703525312305113,1.6426841361328475,1.8819873285452762,wt
1.2661527185910146,1.653056590719435,1.856270506614467,wt
1.2619539172368262,1.663440704859725,1.8305584824954204,wt
1.2577548146333164,1.6738329952139124,1.804849311790935,wt
1.253554263140267,1.684229814257091,1.779141923502464,wt
1.249351110830249,1.6946276415966945,1.7534351978763671,wt
1.2451441871296507,1.7050230004385103,1.7277279882581718,wt
1.2409322870774655,1.7154123785208217,1.7020191361687047,wt
1.2367141552205674,1.725792145024081,1.6763074914690894,wt
1.2324884702045336,1.7361584545017141,1.6505919502239663,wt
1.2282538313534836,1.7465071273955872,1.6248715253255805,wt
1.2240087490056948,1.7568334939759715,1.5991454695001341,wt
1.2197505776690651,1.7671347490467242,1.573407058581791,wt
1.21547779817605,1.777404124160788,1.5476577044389934,wt
1.2111886882739213,1.7876337875026398,1.5218992397419808,wt
1.206880027789889,1.7978174206962474,1.496126674588703,wt
1.2025474387665431,1.8079486213019282,1.4703310632551445,wt
1.1981887375411973,1.8180121316763715,1.4445204284074413,wt
1.1937977541314895,1.8279968400841693,1.4186844734284398,wt
1.1893672267661233,1.8378881585366555,1.3928133162280794,wt
1.184892281993093,1.847669347623392,1.366912751676569,wt
1.180366151338801,1.857328469181365,1.3409807477206377,wt
1.175777796276241,1.8668584698248365,1.3149977195228422,wt
1.1711223335042398,1.8762350224809035,1.288986708206613,wt
1.166384607712505,1.885450022882349,1.2629217944280349,wt
1.1615544921756282,1.8944802784054655,1.2368149998836657,wt
1.1566152896762827,1.9033105717983305,1.2106528366327602,wt
1.1515535650654591,1.9119162755069257,1.184449229518195,wt
1.146348925145472,1.9202834387658594,1.158190140760083,wt
1.140984334829007,1.928394295770172,1.1318838661661867,wt
1.1354419581089208,1.9362395629284392,1.105532826940042,wt
1.1297078025053084,1.9438177872892155,1.0791469199783392,wt
1.1237721638017826,1.9511416121832785,1.0527337401152903,wt
1.1176334367101566,1.9582379728468546,1.0263045552948487,wt
1.11129952965956,1.965148124705984,0.9998722189075915,wt
1.1047875711282464,1.9719245632937852,0.9734485576500619,wt
1.0981222049264334,1.978624946032275,0.9470437335735696,wt
1.0913323710493255,1.9853055090409677,0.9206651968012084,wt
1.084447636805507,1.9920155572511395,0.8943171567492376,wt
1.0774817968667012,1.9987759008282293,0.86800523488234,wt
1.0704177982194454,2.0055709174091385,0.8417280856160696,wt
1.0632380662646914,2.0123839144312408,0.8154861883127477,wt
1.0559269013282646,2.0192007339026037,0.7892809232779884,wt
1.0484700003182108,2.0260087215783873,0.7631153137882767,wt
1.040853271970408,2.032796789317029,0.7369915794618744,wt
1.033061895971617,2.039555441481452,0.7109094295643216,wt
1.0250830465658298,2.0462738285640807,0.6848762318938612,wt
1.0169010073728293,2.052943479625409,0.6588916562363201,wt
1.0085014995532335,2.0595542184604043,0.6329627179802231,wt
0.9998680548529999,2.0660967910685564,0.6070929035211767,wt
0.9909836839906625,2.0725611362546243,0.5812883028356804,wt
0.9818301364222153,2.0789366278297625,0.5555561033599851,wt
0.972387317157382,2.0852121027272985,0.5299038676013627,wt
0.9626335550425811,2.091375265313659,0.504341307026087,wt
0.9525444415062694,2.0974129828849724,0.47887834797789725,wt
0.9420939502170362,2.1033100984753443,0.4535292954280272,wt
0.931252111685895,2.1090502346745703,0.42830849814024596,wt
0.9199861000708941,2.1146144736294614,0.4032348484508451,wt
0.908258699135618,2.119981402546535,0.3783302297255196,wt
0.8960343997636109,2.1251285320185946,0.3536203638205387,wt
0.8833039322576586,2.130045363416658,0.32911793678043355,wt
0.8700719736497023,2.1347248135193237,0.3048367578321378,wt
0.8563429243408489,2.1391606397729275,0.2807872745420715,wt
0.8421225001423858,2.1433467877736905,0.2569797107819524,wt
0.827417735194033,2.147277433884665,0.23342391915174965,wt
0.8122369718344141,2.150947021463679,0.2101292387969287,wt
0.7965898389853128,2.1543502899162053,0.1871043609141711,wt
0.7804872210735198,2.157482296000216,0.16435720383629882,wt
0.7639407739685915,2.160338499304175,0.14189420539866926,wt
0.7469625547276286,2.1629147681578997,0.11971991190420875,wt
0.729568213014979,2.1652069096794175,0.09784104937382589,wt
0.711770353932038,2.167211580383893,0.0762580163764387,wt
0.6935867462253897,2.168925181109657,0.05497518353039544,wt
0.6750332704468834,2.170344684283251,0.033992163490278164,wt
0.6561266211322773,2.171467208528923,0.013307242069091096,wt
0.6368858206353057,2.1722899194303436,-0.007081092394253212,wt
0.6173296607819908,2.1728101454102777,-0.02717704370537044,wt
0.59747701659387,2.1730259112466976,-0.046985509128151706,wt
0.5773430710440443,2.1729395202095088,-0.06650864835199001,wt
0.5569415753968148,2.172555955667352,-0.08575009544936744,wt
0.5362898304272538,2.17188179598312,-0.10471357024717928,wt
0.5154044439635054,2.1709251824243565,-0.12340696580738578,wt
0.4943031763263859,2.1696958385854,-0.14184057050777235,wt
0.47300505649518776,2.16820509673733,-0.1600269879699472,wt
0.45153014485605325,2.166465893096338,-0.17798134146005495,wt
0.4298983910959763,2.1644926524667434,-0.19572216817106894,wt
0.4081305508002128,2.1623013199186385,-0.21327055921116975,wt
0.38624857152928455,2.1599093838298713,-0.23064979333940086,wt
0.36427447565216836,2.157335729627067,-0.24788615089036123,wt
0.34223087028408106,2.154600646554772,-0.26500839804375037,wt
0.32014065369248185,2.151725748694948,-0.2820479112562238,wt
0.2980277406085583,2.1487340048528716,-0.299037958138341,wt
0.27590659532480155,2.145638885153424,-0.315998436775191,wt
0.25376530259824814,2.142426338603341,-0.33291017191355543,wt
0.23158649752513577,2.13907715139874,-0.34974715237748416,wt
0.20935428313028778,2.1355717397240648,-0.3664806386414725,wt
0.18705096777333088,2.1318896830462064,-0.38308166492232404,wt
0.16466038021722257,2.1280102855924636,-0.3995185999991584,wt
0.14216515712610364,2.1239121865870505,-0.4157592561200772,wt
0.11954990850994461,2.1195739916398515,-0.4317687085476978,wt
0.0967993719580796,2.1149740635259726,-0.447510852753931,wt
0.07389929408921558,2.1100908120672703,-0.46294802084611253,wt
0.05083718268755001,2.1049030240569317,-0.47804081318053704,wt
0.027602461241411105,2.0993901163008695,-0.49274844322098205,wt
0.00418662451260708,2.0935324149182564,-0.5070291551683417,wt
-0.019412758090090878,2.0873151200719526,-0.5208481619923977,wt
-0.04318105216306147,2.080740416006789,-0.5342045780227781,wt
-0.06709941737911468,2.07381589636881,-0.5471087408451923,wt
-0.09114942690704064,2.066550158452661,-0.5595732177237882,wt
-0.11531326556787137,2.0589526527738724,-0.5716126037655241,wt
-0.13957389536030718,2.0510335294859243,-0.5832432932915071,wt
-0.1639151008723389,2.042803516286187,-0.5944831952259538,wt
-0.1883217213573192,2.034273730065141,-0.605351545597033,wt
-0.21277972109279777,2.025455536428335,-0.6158686527406851,wt
-0.23727613978315565,2.016360455370752,-0.6260556137991767,wt
-0.26179913936111937,2.0070000388680995,-0.6359341005120356,wt
-0.28633750468482316,1.9973859685019375,-0.6455259575845664,wt
-0.3108817224342697,1.9875295480466562,-0.6548534494795002,wt
-0.33542359152946205,1.9774425781157805,-0.6639384748736298,wt
-0.35995595424338284,1.9671391995478715,-0.6728018880770988,wt
-0.3844745394484221,1.9566334348778114,-0.6814654823987134,wt
-0.40897412852047343,1.9459402037975961,-0.6899505433901199,wt
-0.4334513471734141,1.9350739256180496,-0.6982785480219997,wt
-0.4579036508856807,1.924048742636036,-0.7064705398348811,wt
-0.4823287128498607,1.9128786254168775,-0.7145467220171052,wt
-0.5067249045342634,1.9015770137793553,-0.7225264657187416,wt
-0.5310913057785063,1.8901566849989464,-0.7304281981046871,wt
-0.555427716927247,1.8786296447360533,-0.7382693319806692,wt
-0.579732193968948,1.8670082302786484,-0.7460654386865209,wt
-0.6040069349427439,1.8553022491745321,-0.7538321306805117,wt
-0.6282499670901691,1.8435229234039032,-0.761582410931708,wt
-0.6524633952608166,1.8316788985367025,-0.7693293498333268,wt
-0.6766474879392042,1.8197775651101622,-0.7770806079886902,wt
-0.7008048598335143,1.8078141392347589,-0.7848188248457155,wt
-0.7249390270335367,1.7957793690057993,-0.7925181020938619,wt
-0.7490533307788824,1.783664789728356,-0.8001548907158865,wt
-0.7731508779037154,1.7714626863626914,-0.8077077342521989,wt
-0.7972317289855329,1.7591674625878322,-0.815156163138877,wt
-0.8213000487991587,1.7467719434042857,-0.8224827169305036,wt
-0.8453550168234971,1.734271969586186,-0.8296699652368643,wt
-0.8693994702457905,1.721661911106428,-0.8367029957044179,wt
-0.8934325500865221,1.7089384466419604,-0.8435670832484612,wt
-0.9174541141469752,1.6960982480378435,-0.8502489106770125,wt
-0.9414647773655697,1.6831379077862298,-0.8567364507447011,wt
-0.9654638329713576,1.6700550282094928,-0.8630183057490559,wt
-0.9894504057930417,1.6568475927557866,-0.8690839675320033,wt
-1.0134234662046,1.6435139399636358,-0.8749237562175977,wt
-1.037381559409183,1.6300529001349942,-0.8805287007429955,wt
-1.0613218045122546,1.6164643601016668,-0.8858902828696387,wt
-1.085244116597409,1.6027468549839279,-0.8910013396674841,wt
-1.1091466238235834,1.5888994173289066,-0.8958549776535224,wt
-1.1330216260445491,1.5749190614499542,-0.9004436443594273,wt
-1.1568663212242964,1.560797414172047,-0.9047604288517581,wt
-1.1806714606516582,1.5465298862664847,-0.9087966677548123,wt
-1.2044328113778249,1.5321088391984843,-0.9125440412829826,wt
-1.2281414176554124,1.5175293438040451,-0.915992891138726,wt
-1.251791094350483,1.5027845973775542,-0.9191334279325636,wt
-1.2753739428943458,1.4878685906273774,-0.9219550078331673,wt
-1.2988805629684257,1.4727759773581255,-0.9244462186322919,wt
-1.3223029139426308,1.457500199337358,-0.9265951748663163,wt
-1.3456311339848648,1.4420354694357973,-0.9283891374439267,wt
-1.3688544498958766,1.4263761760317577,-0.9298146294198001,wt
-1.3919617867851108,1.4105164375148347,-0.9308574564190925,wt
-1.4149409661287387,1.3944506053413657,-0.931502633024247,wt
-1.437778673155593,1.3781732729883889,-0.931734386855354,wt
-1.4604606203437938,1.3616791446638803,-0.9315361612328247,wt
-1.4829712211292823,1.3449632571440233,-0.9308906158172667,wt
-1.505293518261258,1.3280210375639396,-0.9297796503573761,wt
-1.5274092340186174,1.3108482764069298,-0.9281844300770262,wt
-1.5492987325250636,1.2934411703355877,-0.9260854174416797,wt
-1.5709402472252665,1.2757969813134566,-0.9234625129133955,wt
-1.5923108537491981,1.2579138447830494,-0.920295778580622,wt
-1.6133933069285207,1.2397954712329329,-0.916579080164248,wt
-1.634175620886914,1.22145137041949,-0.9123199305082343,wt
-1.6546467186225415,1.2028907814318546,-0.9075264617938653,wt
-1.6747962929514557,1.1841222898836214,-0.9022067602877084,wt
-1.6946134086334244,1.165155074765124,-0.896369168774287,wt
-1.7140877689336187,1.1459977129647831,-0.8900219343327632,wt
-1.7332095406729329,1.1266582556992149,-0.883173154181902,wt
-1.7519681939091327,1.1071453622297476,-0.8758311480825567,wt
-1.7703540525395145,1.0874666912118869,-0.8680038606370097,wt
-1.7883569462146776,1.0676302425902642,-0.8596993248969133,wt
-1.8059667531246302,1.0476437692855134,-0.8509254294783513,wt
-1.8231736095456925,1.0275144722685128,-0.8416897463788401,wt
-1.8399667857600954,1.0072502713879454,-0.8320000937767233,wt
-1.8563363938159356,0.9868577401020046,-0.8218635551670289,wt
-1.8722710366681776,0.9663449297431654,-0.8112878320520054,wt
-1.8877604363600164,0.9457180392435017,-0.8002795679724806,wt
-1.9027925015334302,0.9249851632181794,-0.7888462775208029,wt
-1.917356153723392,0.9041524921052991,-0.7769943132897091,wt
-1.9314386190040618,0.8832279952593229,-0.7647308841971059,wt
-1.9450275652075166,0.86221836193233,-0.7520623293481752,wt
-1.95811017156518,0.8411311806584084,-0.7389960037242567,wt
-1.9706815651251302,0.8199738045765338,-0.7255476482397325,wt
-1.9827443602098456,0.7987518863937001,-0.7117386909907782,wt
-1.9943019671613338,0.777471742589879,-0.6975920140546008,wt
-2.005359711918696,0.7561380085761208,-0.6831301940935165,wt
-2.0159242869538434,0.7347542808598649,-0.6683757705625442,wt
-2.026003169610386,0.7133240505500069,-0.6533517832695988,wt
-2.035605103490541,0.6918495061835549,-0.6380808521689054,wt
-2.044739806092772,0.6703318179423705,-0.6225852691037432,wt
-2.053417604117081,0.64877172617744,-0.6068873440419267,wt
-2.061649557378724,0.62716903406136,-0.591008980113956,wt
-2.0694473116492618,0.6055227047798223,-0.5749716879814771,wt
-2.0768230095770908,0.5838308419659863,-0.558796529755847,wt
-2.0837890536671826,0.5620911624058973,-0.5425044451835603,wt
-2.0903582013393494,0.5403005398678595,-0.5261158977900179,wt
-2.0965434320006135,0.5184552132649,-0.5096510249748881,wt
-2.1023579359651885,0.4965506357319396,-0.49312953050197544,wt
-2.107814916550759,0.47458206395235486,-0.4765711452819555,wt
-2.1129277032205316,0.45254404665959047,-0.4599952661769294,wt
-2.117709668834768,0.43043063445273105,-0.44342114673815963,wt
-2.1221729073686837,0.4082356379449105,-0.4268671612202338,wt
-2.126319114026197,0.38595492585821617,-0.4103457255134699,wt
-2.1301452054615133,0.3635858124485871,-0.3938666759322949,wt
-2.133648443726522,0.3411256522289334,-0.3774398181201494,wt
-2.1368264526225094,0.31857201300877747,-0.36107504027949344,wt
-2.139677235723715,0.29592268909825026,-0.34478228285641277,wt
-2.142199191694749,0.273175724054614,-0.328571514306258,wt
-2.1443911265411484,0.25032945676722135,-0.31245272243850053,wt
-2.14625227647226,0.22738243644032644,-0.2964358131046428,wt
-2.1477823120723434,0.20433347206316668,-0.28053060591177,wt
-2.148981345426793,0.18118164238146908,-0.2647468021703444,wt
-2.149849935199146,0.15792629772811803,-0.2490939484562215,wt
-2.150389085516796,0.13456726518957665,-0.23358153603167364,wt
-2.15060026031971,0.11110445126972061,-0.2182186991248365,wt
-2.1504853671275024,0.08753793094864992,-0.20301424939369894,wt
-2.1500467483089425,0.06386812738667154,-0.18797676560332588,wt
-2.1492871814082757,0.04009590726178945,-0.17311462307016898,wt
-2.148209881849305,0.016222624641460168,-0.15843598832295674,wt
-2.1468184293397434,-0.007751031897911388,-0.14394809652111265,wt
-2.1451167817893984,-0.0318237236201772,-0.12965803741649956,wt
-2.1431052391089174,-0.05598953705312208,-0.11556842709238764,wt
-2.1407739729473247,-0.08023720318076691,-0.10166899964606083,wt
-2.1381115332539182,-0.10455306859136865,-0.08794928051890319,wt
-2.135106183673598,-0.12892378869792478,-0.07439935921984048,wt
-2.1317457600429717,-0.15333699897252523,-0.06100943106548104,wt
-2.1280179504021124,-0.1777789387839803,-0.047771016785455485,wt
-2.1239098865560218,-0.20223719609964128,-0.03467537332829427,wt
-2.1194085227552186,-0.2266979993902312,-0.02171488904579506,wt
-2.114500339369838,-0.2511479723636242,-0.008882065804342138,wt
-2.109171540058055,-0.27557292913494674,0.003829903402734197,wt
-2.103407946958151,-0.29995840251231787,0.01642747394945373,wt
-2.0971950844628893,-0.32428924020441885,0.02891659249358447,wt
-2.0905181788194684,-0.348549655915222,0.0413027731926073,wt
-2.0833622149387074,-0.3727230783330468,0.05359106400521191,wt
-2.0757119712787846,-0.39679213221252085,0.06578607554730452,wt
-2.0675521266796237,-0.4207384347110984,0.07789191056898312,wt
-2.0588672657573204,-0.4445427546615361,0.08991227118982399,wt
-2.049642114553554,-0.4681845651096238,0.1018502526494985,wt
-2.039861450092462,-0.49164254493992354,0.11370860917600197,wt
-2.0295105349541354,-0.5148937951975395,0.125489362105207,wt
-2.0185765596674328,-0.5379155984513322,0.1371940635997151,wt
-2.0070644479023403,-0.5606930933001162,0.14882191487859056,wt
-1.9949891304542273,-0.5832175035408917,0.1603714626286731,wt
-1.9823658198594127,-0.6054805872303528,0.1718414604298788,wt
-1.9692096403674495,-0.6274748567579779,0.18323103154258857,wt
-1.9555356349155897,-0.6491933927098469,0.19453957730993768,wt
-1.941358685264735,-0.6706298356463691,0.20576677743991217,wt
-1.9266934419936477,-0.6917783638827706,0.21691258424505364,wt
-1.9115543169310198,-0.7126335900689885,0.2279771748397337,wt
-1.8959553895091619,-0.7331905917836132,0.23896097458238538,wt
-1.8799104467439403,-0.7534447660162571,0.2498645877082773,wt
-1.8634328783458116,-0.7733918865226582,0.2606888365751068,wt
-1.8465357310776653,-0.7930279625489205,0.2714346949358774,wt
-1.829231648149966,-0.8123492513864904,0.28210330432503977,wt
-1.8115328440550418,-0.8313522266042086,0.2926959677038365,wt
-1.793451229210517,-0.8500333965955257,0.30321405930888884,wt
-1.774998089913694,-0.8683895920862876,0.3136591982643956,wt
-1.7561846178112976,-0.8864173878530545,0.3240329339242037,wt
-1.7370212768752058,-0.9041136952988791,0.3343370962808086,wt
-1.7175183818532336,-0.9214751674854316,0.3445734686359099,wt
-1.697685794739647,-0.9384984722865863,0.3547439137682095,wt
-1.6775322331881217,-0.9551815487176158,0.36484743679604525,wt
-1.6570656741037795,-0.9715240605721155,0.37487758276112665,wt
-1.6362933696897002,-0.9875264746477155,0.38482766581555805,wt
-1.6152228252707186,-1.0031891279183829,0.3946908554510163,wt
-1.5938614112518237,-1.0185125254247744,0.40446036160743987,wt
-1.572215909537248,-1.0334976227914536,0.4141296237096225,wt
-1.550293621751256,-1.0481450218101807,0.4236917984273832,wt
-1.5281014029762916,-1.0624556403654732,0.4331401897834461,wt
-1.5056456118375543,-1.0764306878645393,0.44246824275821695,wt
-1.4829331570357596,-1.0900709927172196,0.4516690955745664,wt
-1.4599704641085793,-1.1033776488967864,0.4607360068996703,wt
-1.4367634843578831,-1.1163519599730862,0.46966232366260535,wt
-1.4133186279063312,-1.1289948991657064,0.478441107944842,wt
-1.38964196676696,-1.1413075625295959,0.4870654418916022,wt
-1.3657392759850935,-1.1532911172987237,0.4955283909403378,wt
-1.3416161580230317,-1.1649467174028727,0.5038229408129018,wt
-1.317278546720635,-1.1762752602275033,0.51194181677485,wt
-1.2927320046883783,-1.187277725982456,0.5198777171733434,wt
-1.2679819956574523,-1.1979550317449816,0.5276232027266498,wt
-1.24303351264908,-1.2083081407771954,0.5351707401931659,wt
-1.2178907863651878,-1.2183360439631221,0.5425095411654607,wt
-1.1925555440807492,-1.228035309380548,0.5496242139759596,wt
-1.1670296734620114,-1.2374021197467675,0.5564986456665372,wt
-1.1413154772059726,-1.2464324939229958,0.5631163915242731,wt
-1.1154157231087158,-1.2551222995208062,0.5694606841454921,wt
-1.0893335878977775,-1.2634673027515193,0.5755144728444156,wt
-1.0630729853416845,-1.271463098455111,0.5812603798511354,wt
-1.0366384875305397,-1.2791051844099548,0.5866807670638416,wt
-1.0100352571546516,-1.2863890247576513,0.5917577987010403,wt
-0.983269191319571,-1.29331005362024,0.5964734664670907,wt
-0.9563469745897601,-1.2998637127917454,0.6008096457164214,wt
-0.9292761292646589,-1.306045494378692,0.6047481618962981,wt
-0.9020650614940441,-1.3118509883986902,0.6082708676784346,wt
-0.8747231016775525,-1.3172759352144154,0.6113597309781382,wt
-0.8472605374526962,-1.3223162825232138,0.6139969337927038,wt
-0.8196886374685016,-1.3269682464416475,0.6161649814676269,wt
-0.7920196640816345,-1.3312283760228003,0.6178468216223757,wt
-0.7642668731126242,-1.3350936203274923,0.6190259715435359,wt
-0.7364445003438623,-1.3385614068250777,0.6196866803542433,wt
-0.7085680264842061,-1.341632472245927,0.6198218545790304,wt
-0.6806536555537133,-1.3443147423428776,0.6194437321311592,wt
-0.6527165668777402,-1.3466177304434055,0.618567896630603,wt
-0.6247706943467498,-1.3485514776487386,0.6172104377220665,wt
-0.5968287278977774,-1.3501264371966406,0.615387797405172,wt
-0.5689021327651994,-1.3513533671569018,0.613116630432621,wt
-0.541001183381857,-1.3522432325674325,0.610413679743573,wt
-0.5131350089158879,-1.3528071176439131,0.6072956672829669,wt
-0.48531164762688944,-1.3530561482917003,0.603779200050917,wt
-0.4575381074866537,-1.3530014248188293,0.5998806908294726,wt
-0.42982057391378287,-1.352653967025329,0.5956163156990838,wt
-0.4021642397665683,-1.3520246666745506,0.5910019295134816,wt
-0.37457325186848794,-1.3511242384178617,0.5860529960636317,wt
-0.3470511442218961,-1.3499631951119888,0.5807846169504634,wt
-0.31960074819368545,-1.3485518220620853,0.5752114873862783,wt
-0.29222425437378136,-1.3469001586869176,0.5693478827288112,wt
-0.26492364235133536,-1.3450180128566795,0.563207737327459,wt
-0.23769967359337835,-1.342914881662664,0.5568044074030366,wt
-0.21055285811378874,-1.3406000008909487,0.5501508690987541,wt
-0.18348353702674294,-1.3380819533279444,0.5432591117742546,wt
-0.15649318909276208,-1.3353667096218944,0.5361372120024751,wt
-0.12958298402528245,-1.3324589534310396,0.5287912996444011,wt
-0.10275427335526585,-1.3293630480267076,0.5212271359758226,wt
-0.07600845456737428,-1.326083042190964,0.5134501032499103,wt
-0.04934676988017161,-1.3226226573779745,0.5054651615626153,wt
-0.022770425769429063,-1.318985309176667,0.4972768928550223,wt
0.003719264819822568,-1.3151741351838298,0.4888895559506606,wt
0.03012125367929837,-1.311191947539255,0.4803069772642762,wt
0.05643414684667478,-1.3070413262315872,0.4715327517999101,wt
0.08265654319986128,-1.3027245761221389,0.4625701439994057,wt
0.10878712696735797,-1.2982437108535338,0.45342205621805565,wt
0.13482481945567026,-1.2936004200211375,0.4440909685777535,wt
0.16076770651897831,-1.2887962586957686,0.4345793225091597,wt
0.18661414168965618,-1.2838324532972378,0.42488912991013195,wt
0.2123623764070936,-1.2787099574410081,0.4150220949248036,wt
0.2380107088286584,-1.2734294115452802,0.404979545488775,wt
0.26355730769632546,-1.2679911631977157,0.3947624848768494,wt
0.2889995823060357,-1.26239539257928,0.3843718350663942,wt
0.3143350925683763,-1.2566419104986137,0.37380806268243816,wt
0.3395619911986089,-1.2507319348445631,0.3630724264339681,wt
0.3646807568953353,-1.2446709152159456,0.3521688350161031,wt
0.3896925558869853,-1.2384653539665136,0.3411019474355028,wt
0.41459901311636926,-1.2321221645201867,0.3298767511597302,wt
0.43940222582082233,-1.2256486552182366,0.318498547831657,wt
0.4641051086315067,-1.2190524202769562,0.30697277953329155,wt
0.4887105295267659,-1.2123415494488314,0.29530541448224623,wt
0.5132218756042289,-1.2055244622342305,0.28350267489081893,wt
0.5376431462725317,-1.1986098550752333,0.2715709687583702,wt
0.5619788054853936,-1.1916067134552462,0.259516935328855,wt
0.5862342745539538,-1.1845241375998357,0.24734717056016645,wt
0.6104143196009867,-1.1773717818141434,0.23506900778494683,wt
0.6345246522035044,-1.1701593593790685,0.2226896933042192,wt
0.6585716437758043,-1.162896684880611,0.2102164877587914,wt
0.6825615305600601,-1.1555938781174306,0.19765704446062934,wt
0.7065008784380098,-1.1482611898755724,0.18501913995621078,wt
0.7303968867603571,-1.1409088695749665,0.17231047528562568,wt
0.754256547723086,-1.1335473846589754,0.15953908447213686,wt
0.7780863013499562,-1.1261858114300085,0.14671214246321732,wt
0.8018878202356646,-1.1188254362874668,0.13383205140686266,wt
0.8256609285960537,-1.1114649116309088,0.12089973976558353,wt
0.8494056079085164,-1.104102852038887,0.10791615859462847,wt
0.8731218176919845,-1.0967378984045755,0.094882377260834,wt
0.8968097459025749,-1.0893686456062688,0.08179944109169367,wt
0.9204692806529167,-1.0819938120298689,0.06866865748313171,wt
0.9441007123486578,-1.0746120260782601,0.05549120208016089,wt
0.9677043864678552,-1.067221938430264,0.042268302560101174,wt
0.991280133364466,-1.0598224053738767,0.02900155318991741,wt
1.0148285320939483,-1.052412096695875,0.015692198536303697,wt
1.0383500319217247,-1.0449897737317977,0.0023416168744477724,wt
1.0618448363250514,-1.0375543297298548,-0.011048619240411228,wt
1.0853130551577825,-1.0301047452780299,-0.024476834876191973,wt
1.1087555323832432,-1.0226398270089962,-0.03794173569468656,wt
1.1321727162583979,-1.0151585670468317,-0.05144177082018921,wt
1.1555650726720375,-1.0076600134937772,-0.06497537552066274,wt
1.178933085979381,-1.0001432708006879,-0.07854097910637213,wt
1.202277131738382,-0.9926076770100374,-0.09213736129574124,wt
1.2255966059729344,-0.9850538425910134,-0.10576563005526375,wt
1.2488905290647545,-0.977482826978026,-0.11942790594624661,wt
1.2721578970415357,-0.969895623015755,-0.1331263321175096,wt
1.295397664587903,-0.9622931672462649,-0.14686307437126034,wt
1.3186087355295928,-0.9546763482644074,-0.16064032946991233,wt
1.3417899549423769,-0.9470460137700594,-0.17446033439529415,wt
1.3649401023659755,-0.9394029765721031,-0.18832537648209335,wt
1.3880578856683954,-0.9317480197630532,-0.20223780437847513,wt
1.411141935152195,-0.924081901255584,-0.21620003981263583,wt
1.4341907975234347,-0.9164053578517345,-0.2302145901655911,wt
1.4572029293587738,-0.9087191090011693,-0.2442840618689844,wt
1.4801766897066249,-0.9010238603962065,-0.25841117466235297,wt
1.5031103314458423,-0.8933203075476516,-0.272598776758221,wt
1.5260019909989841,-0.885609139486991,-0.28684986097537934,wt
1.5488496759567154,-0.8778910427470011,-0.30116758191148285,wt
1.571651250113555,-0.8701667057847727,-0.3155552742354181,wt
1.5944044153409842,-0.8624368240289915,-0.33001647218790003,wt
1.617106689629173,-0.8547021057578269,-0.34455493038527973,wt
1.6397558211002419,-0.8469633755445145,-0.3591739984614782,wt
1.662353249431924,-0.8392222947346544,-0.37387170059969216,wt
1.684902412099202,-0.8314809841168621,-0.38864325577988895,wt
1.7074068560538873,-0.8237416294500669,-0.4034838015577895,wt
1.729870228047324,-0.816006491104124,-0.41838839237387565,wt
1.7522962789329382,-0.8082779190847704,-0.43335197174404994,wt
1.7746895713025566,-0.8005581274793804,-0.44836981375861423,wt
1.7970541565792713,-0.7928496714094486,-0.46343660184967134,wt
1.8193936948301335,-0.7851554291032296,-0.47854645664630774,wt
1.8417138748201847,-0.7774777949415905,-0.49369452674046166,wt
1.8640187321770276,-0.7698199777716377,-0.5088744430312533,wt
1.8863139615572009,-0.7621848961432106,-0.5240805000305121,wt
1.908604111938579,-0.7545761805567781,-0.5393056754322472,wt
1.9308966870150772,-0.7469968194468091,-0.5545443444190469,wt
1.953196391387673,-0.7394511753829323,-0.5697882506218211,wt
1.9755101597938056,-0.7319433334324952,-0.5850298277045548,wt
1.9978453799103921,-0.7244777840342106,-0.6002608491303516,wt
2.020209901130552,-0.7170595031315847,-0.6154722822633351,wt
2.042609802268046,-0.7096926704232153,-0.6306567218202397,wt
2.065045734101553,-0.7023783560645971,-0.645812712632796,wt
2.0875177795497493,-0.695117001221343,-0.6609399910837921,wt
2.110027241401414,-0.6879086277062333,-0.6760391417105921,wt
2.1325724285348255,-0.6807541809464965,-0.6911087766469347,wt
2.155154032247278,-0.6736537970449191,-0.7061491520465544,wt
2.177772827853958,-0.6666075420749881,-0.7211606246357798,wt
2.200427734776423,-0.6596159998166627,-0.7361423789182469,wt
2.2231188329603753,-0.6526793159763344,-0.7510944435084528,wt
2.2458469694880483,-0.645797320561452,-0.7660174317373282,wt
2.268610097594286,-0.6389706161137004,-0.7809101561900769,wt
2.291409719812991,-0.6321986130224453,-0.7957738724762605,wt
2.3142441925732147,-0.625481518355791,-0.8106079168005905,wt
2.33711354444429,-0.6188188675639801,-0.8254128801739508,wt
2.360016829423113,-0.6122104744472986,-0.8401893912135461,wt
2.382952259771665,-0.6056570642666014,-0.8549400823622125,wt
2.40591804785237,-0.599159395635501,-0.8696689788212298,wt
2.4289111564375654,-0.5927183237856614,-0.8843802637684737,wt
2.4519278359301433,-0.5863345858120108,-0.8990787673776169,wt
2.4749651207008965,-0.5800083246894282,-0.9137710784782295,wt
2.4980172225684725,-0.5737400088989351,-0.9284634196130876,wt
2.521079984492267,-0.5675291241148863,-0.9431646839589461,wt
2.544146367400822,-0.561375303703406,-0.9578837730624348,wt
2.567209669363317,-0.5552773444303178,-0.9726318824528751,wt
2.5902605624192394,-0.5492338704276722,-0.9874208538866892,wt
2.6132916607193124,-0.5432432820031883,-1.0022622361460418,wt
2.6363001207947945,-0.5373061217941378,-1.0171593156192085,wt
2.659285455774354,-0.5314229198489767,-1.032114681553825,wt
2.6822452297222896,-0.5255945386282581,-1.0471298083733478,wt
2.7051784014405196,-0.5198212664160256,-1.0622072296391412,wt
2.7280828616566675,-0.5141033837514373,-1.0773489293644454,wt
2.7509569951307347,-0.5084406905660505,-1.0925573586775017,wt
2.773798580192052,-0.5028326830822771,-1.107834694694789,wt
2.7966052370567387,-0.4972785042211379,-1.1231831979104656,wt
2.8193749507334642,-0.4917791397550846,-1.1386067514510567,wt
2.8421044319792186,-0.4863376513922063,-1.154109923532439,wt
2.864790211272322,-0.4809574632654108,-1.1696982471414477,wt
2.887428124282536,-0.4756425153670696,-1.185378137621623,wt
2.910013281868493,-0.4703973543722032,-1.2011572618452533,wt
2.932539631086463,-0.465227350936742,-1.2170447864453433,wt
2.9550006057065064,-0.4601384722618274,-1.2330507770709924,wt
2.9773901701786545,-0.4551365930831189,-1.2491833963571195,wt
2.9997022656352548,-0.45022794506591346,-1.26545149568123,wt
3.021929768350513,-0.44541939006070985,-1.2818646396834352,wt
3.0440650826175086,-0.44071813691842254,-1.2984334424938735,wt
3.0660976837292657,-0.43613385959797607,-1.315170214166613,wt
3.0880163319571228,-0.431678970337763,-1.3320904953761512,wt
3.1098126429758506,-0.42736317315989225,-1.3492043864752523,wt
3.1314798004290276,-0.4231946766011335,-1.3665171602149833,wt
3.15300218178903,-0.41919305579708166,-1.384048452120008,wt
3.1743795307233906,-0.4153647780586634,-1.401794538021606,wt
3.1956040895570776,-0.4117270220850556,-1.4197627892857516,wt
3.216677343234523,-0.4082917100944733,-1.4379476297274643,wt
0.9249924121076623,1.6372616044657633,1.6647632357815212,lmx1b
0.9213205469380806,1.64468242641956,1.6409705703392605,lmx1b
0.9199088449732974,1.6509096121107596,1.6166123393830438,lmx1b
0.9219898746202273,1.6569783265668863,1.59224218291676,lmx1b
0.9242092929077104,1.6614041016295626,1.5675318248587229,lmx1b
0.9261222457073106,1.664457637916059,1.542584986156303,lmx1b
0.9302833981351206,1.6675232743505064,1.5179315014246262,lmx1b
0.9379525357922113,1.6712877459894182,1.4942423786043153,lmx1b
0.9490354074529409,1.6758560019627686,1.4720921494636652,lmx1b
0.9628793812446633,1.681117155751223,1.4517124372267856,lmx1b
0.9786490913539339,1.686929754710896,1.4329357376992145,lmx1b
0.9957154269813103,1.6931742766887596,1.4154729321986597,lmx1b
1.013679941777155,1.6997608627063336,1.3990655054756571,lmx1b
1.0322890129287978,1.7066243123449818,1.3835083457327957,lmx1b
1.051372621997508,1.7137154799690069,1.3686470761930256,lmx1b
1.0708205595754012,1.7209995938629372,1.354359226351932,lmx1b
1.0905515714557914,1.7284484817229888,1.340553536227416,lmx1b
1.1105087898522812,1.7360410687683199,1.327155880479396,lmx1b
1.130590885314599,1.7437633785691071,1.3140211072339338,lmx1b
1.1506263009927544,1.7516114667891673,1.300889949007895,lmx1b
1.170478171632264,1.7595838065161407,1.287554719094469,lmx1b
1.1900317313157447,1.7676764831421725,1.2738598681794264,lmx1b
1.2091900671482172,1.7758850930176322,1.2596828247312934,lmx1b
1.227861930907078,1.784201663997616,1.244930034303236,lmx1b
1.245958359692434,1.7926139143844202,1.2295333327165963,lmx1b
1.2634005839135556,1.8011092178647372,1.2134399797561737,lmx1b
1.2801096615715617,1.8096697673298436,1.1966201337344418,lmx1b
1.2960137015705928,1.818275607001499,1.1790609327648358,lmx1b
1.3110494235352597,1.8269052243159143,1.1607651122828886,lmx1b
1.3251640040451278,1.8355364577881386,1.1417489435334558,lmx1b
1.3383137016431041,1.844145562298184,1.1220441818770357,lmx1b
1.3504688731200767,1.8527104908669068,1.1016903875460062,lmx1b
1.361610436801839,1.8612090666801557,1.0807383693345252,lmx1b
1.3717325813425536,1.8696215688099278,1.059243120208191,lmx1b
1.380841962076876,1.8779315263563612,1.03726019869577,lmx1b
1.388977671171556,1.8861288353902368,1.0148522399205937,lmx1b
1.3962323260992078,1.894209989172318,0.992107035398791,lmx1b
1.4026967536916388,1.902179382059197,0.9690834668269985,lmx1b
1.4084440610328908,1.9100395126812475,0.9458324630926808,lmx1b
1.4135351736803554,1.9177932354914575,0.9223935544544323,lmx1b
1.418020997914543,1.9254435087356705,0.8987975351314708,lmx1b
1.4219440273756738,1.93299307398154,0.8750689152724389,lmx1b
1.4253396700472556,1.9404442702162878,0.8512276656355316,lmx1b
1.4282372929254683,1.9477988418227188,0.8272907533611243,lmx1b
1.4306610761029328,1.9550577727881435,0.8032734288501043,lmx1b
1.4326310642511784,1.9622225399945576,0.7791855812042221,lmx1b
1.434163048239568,1.9692933491222022,0.7550379385177115,lmx1b
1.4352692465847856,1.9762698439961794,0.7308400665266972,lmx1b
1.4359585888895487,1.9831514454739225,0.7065993468596424,lmx1b
1.4362367526475073,1.989936580012501,0.682323742582261,lmx1b
1.4361062805037563,1.9966235148088545,0.6580188284223913,lmx1b
1.4355664969519286,2.0032091412937336,0.6336920497070787,lmx1b
1.434613414448522,2.009689577542077,0.6093503880780302,lmx1b
1.4332394181354562,2.016060026514921,0.585000499785687,lmx1b
1.4314326698340987,2.0223149459499608,0.560647443789595,lmx1b
1.4291768730228718,2.0284463111758675,0.536300632598051,lmx1b
1.4264501560542289,2.0344444731499993,0.5119695266175694,lmx1b
1.423223797206907,2.0402974840584966,0.4876646727377089,lmx1b
1.4194600139183062,2.0459908518359646,0.4633962200145424,lmx1b
1.4151113288772053,2.0515036778931655,0.43918697521516475,lmx1b
1.410116847189546,2.0568124094514,0.41505575455779425,lmx1b
1.404422494575793,2.0618936799960146,0.3910328103592831,lmx1b
1.397979914122394,2.0667268566347903,0.3671472589668615,lmx1b
1.3907458151339915,2.0712908173781894,0.3434359234051195,lmx1b
1.382685034757327,2.0755655683702763,0.31994062912703614,lmx1b
1.3737709595704124,2.079535150057162,0.2966981502971062,lmx1b
1.3639947633812521,2.08318635511444,0.2737540103986425,lmx1b
1.3533624607532173,2.0865130805003456,0.25114365656371973,lmx1b
1.3418991079147138,2.0895162722934,0.2288965924240824,lmx1b
1.3296482295400425,2.092204867558358,0.20703205784262024,lmx1b
1.3166695261684536,2.0945958397628326,0.1855561942078447,lmx1b
1.3030352521156592,2.0967133790261174,0.16446102627026565,lmx1b
1.2888258610851206,2.0985874084687897,0.1437251777899083,lmx1b
1.2741255535818419,2.1002517339913425,0.12331591058479281,lmx1b
1.2590182469195792,2.10174213218348,0.10319191552200974,lmx1b
1.2435843585179118,2.103094614243799,0.08330637540277391,lmx1b
1.2279008862623009,2.104343838137171,0.06361278123594014,lmx1b
1.212033950535466,2.105522577231629,0.044059703927431026,lmx1b
1.1960472872199877,2.106660343583804,0.024604099814973343,lmx1b
1.1799848423374295,2.1077765652176517,0.0052077479767209806,lmx1b
1.1638526760571137,2.1088574553663215,-0.014132585238039593,lmx1b
1.1476458018126883,2.109882521075028,-0.03341288239115549,lmx1b
1.1313591845151985,2.110833177019563,-0.05262946395680827,lmx1b
1.1149879027744207,2.111692207391193,-0.07177860527485166,lmx1b
1.098527228830051,2.112443356491095,-0.09085629643291786,lmx1b
1.081973702465018,2.113070975164719,-0.10985689929805781,lmx1b
1.0653225400116888,2.1135598781535,-0.12877604222567463,lmx1b
1.0485689739683528,2.113895048536596,-0.1476089497440158,lmx1b
1.0317100150338083,2.114061439782668,-0.16634840644485469,lmx1b
1.0147401861837937,2.114043878660441,-0.18498944709334744,lmx1b
0.9976563921868925,2.113826866824313,-0.20352386036364514,lmx1b
0.9804537024786598,2.11339445101843,-0.22194475676099362,lmx1b
0.9631284003671127,2.112730110965355,-0.24024315599824245,lmx1b
0.9456762184842844,2.1118166042510786,-0.25840981189486967,lmx1b
0.9280931575383853,2.110635857054354,-0.27643424433935554,lmx1b
0.9103751884710684,2.1091688217550133,-0.2943049581220471,lmx1b
0.8925187533130626,2.107395387373306,-0.31200883926568634,lmx1b
0.8745196728514708,2.1052941338954674,-0.32953213148364346,lmx1b
0.8563753446709519,2.102842433724594,-0.34685816986633183,lmx1b
0.8380820501924551,2.1000159867373585,-0.3639698805072105,lmx1b
0.8196382318776373,2.0967891309665507,-0.3808465463899135,lmx1b
0.8010415809982424,2.0931356377383086,-0.39746754663574124,lmx1b
0.7822969859407372,2.089044443915812,-0.4138168305528345,lmx1b
0.7634101182223456,2.084514286080668,-0.4298855134403648,lmx1b
0.7443893299464375,2.0795454290339683,-0.4456632366011847,lmx1b
0.7252422143595618,2.0741387911941453,-0.46114107537952254,lmx1b
0.7059763733915594,2.0682960871231617,-0.4763108512112701,lmx1b
0.6866007924973233,2.0620202690499174,-0.49116408054778177,lmx1b
0.6671239771952179,2.0553149866655103,-0.5056934745746706,lmx1b
0.647554372991915,2.048184671716619,-0.519892573080509,lmx1b
0.6279011496224568,2.0406348166217465,-0.533755176059954,lmx1b
0.6081732228964868,2.0326716150947304,-0.5472760585547195,lmx1b
0.58837944001606,2.024301989880996,-0.5604508038294224,lmx1b
0.5685285803856887,2.0155335585084195,-0.5732757755957947,lmx1b
0.5486294181157336,2.00637462779087,-0.5857480517772474,lmx1b
0.5286904163261629,1.9968340154360549,-0.5978655852876475,lmx1b
0.5087198014941642,1.9869210307814802,-0.6096271097831434,lmx1b
0.48872575242858884,1.9766455244819792,-0.6210319900640794,lmx1b
0.4687158290359538,1.9660175483357787,-0.632080506518876,lmx1b
0.4486972935286976,1.9550474545660224,-0.6427736095526696,lmx1b
0.428677168375906,1.9437458790880662,-0.6531128439240863,lmx1b
0.40866232466454977,1.9321237499054706,-0.6631002653462289,lmx1b
0.3886585447245949,1.9201916853947911,-0.67273885263473,lmx1b
0.3686710930827851,1.9079616641558148,-0.6820322667416039,lmx1b
0.3487009673285735,1.8954550369804137,-0.6909874323755181,lmx1b
0.32874508099736405,1.8826962128019389,-0.6996136536351184,lmx1b
0.3088006562317279,1.869709335063084,-0.7079199729306684,lmx1b
0.28886397860708724,1.8565174307004562,-0.7159156786733922,lmx1b
0.2689303597528313,1.8431423489824503,-0.7236102472177707,lmx1b
0.24899572239831164,1.8296058243565239,-0.731012696403145,lmx1b
0.22905406154575536,1.815927775803077,-0.7381325225050432,lmx1b
0.2091006484368732,1.8021285036456511,-0.7449784936247651,lmx1b
0.18912885662564796,1.788226544121912,-0.7515597704908522,lmx1b
0.16913327052360907,1.7742408507961973,-0.7578848259089317,lmx1b
0.1491068660665988,1.7601888749898285,-0.7639623725143962,lmx1b
0.12904377828627686,1.7460885430675992,-0.7698004843922577,lmx1b
0.10893669369763422,1.7319564748051774,-0.7754073928223777,lmx1b
0.08877921690756313,1.717809693104147,-0.7807907945718958,lmx1b
0.06856409227730925,1.703664423966819,-0.7859583640561584,lmx1b
0.04828441947593338,1.689536999535506,-0.7909174283101736,lmx1b
0.027933053759951518,1.6754434865257986,-0.7956751383190089,lmx1b
0.007502768270569733,1.6613998497501656,-0.8002384352412165,lmx1b
-0.013013526174185913,1.6474221504438906,-0.8046140154215218,lmx1b
-0.03362313358717293,1.6335263507437954,-0.8088084220631646,lmx1b
-0.05433320386876463,1.619728610240229,-0.8128279797639726,lmx1b
-0.07515090233604477,1.6060452119167685,-0.8166788469589856,lmx1b
-0.09608273329381703,1.5924923861359426,-0.8203693205044746,lmx1b
-0.11713305872356229,1.5790854758892594,-0.8239162918652135,lmx1b
-0.13830562306816263,1.5658398430202336,-0.8273386319538887,lmx1b
-0.15960458450145928,1.5527708192559389,-0.8306552588667235,lmx1b
-0.18103357620246469,1.5398943146403792,-0.8338850201887743,lmx1b
-0.2025966320498188,1.527226269856204,-0.8370468707153141,lmx1b
-0.22429729613384777,1.5147832109354342,-0.840159768872853,lmx1b
-0.2461390650930685,1.502581992422528,-0.843242774667368,lmx1b
-0.26812515701192546,1.4906399374386006,-0.8463150440507292,lmx1b
-0.2902581881298017,1.4789750018631203,-0.8493958093997367,lmx1b
-0.3125406915661933,1.4676054797594513,-0.8525044722586349,lmx1b
-0.3349740718276625,1.4565505147243993,-0.8556604714895572,lmx1b
-0.35755969184465936,1.4458295020089251,-0.8588834417930908,lmx1b
-0.3802974068806697,1.435462743475967,-0.8621930031597537,lmx1b
-0.40318682498939445,1.4254707654001069,-0.8656089263202482,lmx1b
-0.42622587842586596,1.41587486830173,-0.8691508965535131,lmx1b
-0.44941179971440903,1.4066965683285984,-0.8728386151233014,lmx1b
-0.4727401554349614,1.3979578563077446,-0.8766915917370045,lmx1b
-0.49620524533134314,1.3896808560938918,-0.8807291269275834,lmx1b
-0.5197997424874443,1.38188776541364,-0.8849701555204401,lmx1b
-0.5435146423936473,1.3746006453493451,-0.8894331171292695,lmx1b
-0.5673391413266589,1.3678412097678612,-0.8941357926249776,lmx1b
-0.5912608459585622,1.361630331679381,-0.8990950541090633,lmx1b
-0.6152638464787435,1.3559676911710234,-0.9043103750177148,lmx1b
-0.6393317158312588,1.35081198354015,-0.9097496039386066,lmx1b
-0.6634501970215273,1.3461168467973372,-0.9153776179656706,lmx1b
-0.687609341155508,1.3418354512035866,-0.9211605697899037,lmx1b
-0.711801109608625,1.3379212276305035,-0.9270654182297696,lmx1b
-0.7360207493399098,1.334327753380116,-0.9330602759708545,lmx1b
-0.7602648824072981,1.331009107057153,-0.9391139141795591,lmx1b
-0.7845323333155871,1.3279196991940616,-0.9451958916537444,lmx1b
-0.8088229476429052,1.325014337759788,-0.9512761552385709,lmx1b
-0.8331375979645171,1.3222480704073447,-0.9573249109350859,lmx1b
-0.8574781041239227,1.3195760116829023,-0.963312455946389,lmx1b
-0.8818459602362066,1.3169532707511842,-0.9692087071778964,lmx1b
-0.9062437244441094,1.3143345695570217,-0.974983376355064,lmx1b
-0.9306722143579172,1.3116743078555244,-0.980605136709599,lmx1b
-0.9551332182681321,1.308926032251672,-0.9860421069174927,lmx1b
-0.9796257080173244,1.3060426282599387,-0.9912608478600927,lmx1b
-1.004148652656721,1.3029758053420928,-0.9962268825267235,lmx1b
-1.028698049277197,1.2996762832427422,-1.0009039830247544,lmx1b
-1.053267351541031,1.2960936646266135,-1.0052542727741878,lmx1b
-1.0778482585749913,1.2921762843342075,-1.0092383951705532,lmx1b
-1.1024265741917074,1.2878719486858003,-1.012814970924489,lmx1b
-1.1269848815774033,1.283127809767998,-1.015941359179568,lmx1b
-1.1515020265140041,1.2778947497632516,-1.0185763074205385,lmx1b
-1.1759563494909555,1.2721606367466622,-1.0207009117986034,lmx1b
-1.200329102484642,1.2659330744275432,-1.0223087143379859,lmx1b
-1.2246014024247103,1.2592195909132207,-1.0233928499692146,lmx1b
-1.2487545255863575,1.252027282030143,-1.0239458436154374,lmx1b
-1.2727685145747973,1.2443631790144678,-1.0239595017718939,lmx1b
-1.2966229929678226,1.2362340079036813,-1.0234249023124842,lmx1b
-1.320296979270974,1.2276462048935912,-1.022332314575955,lmx1b
-1.3437685472809215,1.2186060018749132,-1.020671137744063,lmx1b
-1.3670146253438593,1.2091194828856076,-1.0184298522448632,lmx1b
-1.3900107784144835,1.1991926582691181,-1.0155959814649624,lmx1b
-1.4127309727030721,1.188831559078655,-1.0121560670977594,lmx1b
-1.4351473234101182,1.1780423546373786,-1.0080956623851134,lmx1b
-1.4572298271006154,1.1668314964824409,-1.003399348595161,lmx1b
-1.4789464151829426,1.155205708848718,-0.9980506933076402,lmx1b
-1.5002625042640074,1.1431722398275088,-0.9920323210419999,lmx1b
-1.5211393802075506,1.13073988420998,-0.9853264538786227,lmx1b
-1.5415357895472204,1.1179182460782366,-0.9779146152774476,lmx1b
-1.5614083956293512,1.1047174635752979,-0.9697774337208106,lmx1b
-1.5807070095047226,1.091151588110823,-0.9608968277474063,lmx1b
-1.5993807594822818,1.0772347833219806,-0.9512538681219733,lmx1b
-1.617376355030532,1.062981829889911,-0.9408454183458114,lmx1b
-1.6346566084677296,1.0483976892848748,-0.9297077411317549,lmx1b
-1.6511952469553537,1.0334898641193224,-0.9178935180156396,lmx1b
-1.6669790883272795,1.0182676791511271,-0.905462974125699,lmx1b
-1.682006637059888,1.0027428683942938,-0.8924822792037698,lmx1b
-1.6962894050222215,0.9869266958395486,-0.8790190424055894,lmx1b
-1.7098467563074622,0.970833335843874,-0.8651432041130269,lmx1b
-1.7227094078439003,0.9544732980033789,-0.8509197503803415,lmx1b
-1.7349123782174638,0.9378588553911905,-0.8364120817353258,lmx1b
-1.7464949463690207,0.921001847682484,-0.8216792559973816,lmx1b
-1.7575004285026488,0.9039111791936851,-0.8067732681224088,lmx1b
-1.7679723659140911,0.8865960423773407,-0.7917416574340369,lmx1b
-1.777954379960847,0.8690645008470383,-0.7766262935832194,lmx1b
-1.7874877762968242,0.8513263346349951,-0.7614659938097723,lmx1b
-1.7966145386988768,0.8333864807036045,-0.7462911869996288,lmx1b
-1.805373321834551,0.8152515067687925,-0.7311298410292124,lmx1b
-1.8137999331977943,0.7969287118039988,-0.7160070030374523,lmx1b
-1.8219281290900589,0.7784243235323537,-0.7009436525339794,lmx1b
-1.829789901824131,0.7597425887264411,-0.6859563780275496,lmx1b
-1.83741388397246,0.7408896055167121,-0.6710608241357201,lmx1b
-1.8448265431394375,0.7218708473101461,-0.6562699366019763,lmx1b
-1.8520471000007352,0.7026922622425705,-0.6415901534070045,lmx1b
-1.8590817393889363,0.6833615380483837,-0.6270183897769864,lmx1b
-1.8659332892781653,0.6638875710602172,-0.6125526826666541,lmx1b
-1.8726044624114793,0.6442759944691271,-0.5981900925609542,lmx1b
-1.8790978269827978,0.6245294383953947,-0.5839267780676829,lmx1b
-1.885412876749762,0.6046569955849196,-0.5697646190802468,lmx1b
-1.8915515578492106,0.5846575564990704,-0.5556990952442529,lmx1b
-1.8975125522033718,0.5645379728232712,-0.5417321473192667,lmx1b
-1.9032957460865958,0.5442989694905688,-0.527862114192661,lmx1b
-1.9088999930844202,0.523942505820877,-0.5140888649442376,lmx1b
-1.914322954416312,0.5034728651040397,-0.5004143959030709,lmx1b
-1.9195629713028604,0.48288981035339107,-0.4868381903705709,lmx1b
-1.9246173893984284,0.4621947592090642,-0.4733613591348152,lmx1b
-1.9294830659265114,0.4413890522648699,-0.4599854287982186,lmx1b
-1.934156279949304,0.4204744262470036,-0.4467126158155339,lmx1b
-1.9386332132674446,0.39945085055579516,-0.4335444434813851,lmx1b
-1.9429094062279826,0.3783188378371782,-0.42048321918528886,lmx1b
-1.9469798880860616,0.3570788880094282,-0.4075316664418286,lmx1b
-1.9508391915818792,0.3357313592342644,-0.39469284472047583,lmx1b
-1.954481327830594,0.31427649594533635,-0.3819701730402141,lmx1b
-1.9578997721421956,0.29271436100270926,-0.36936740120026285,lmx1b
-1.9610874186552614,0.271044914785608,-0.3568886731566624,lmx1b
-1.9640365185910948,0.24926821558960882,-0.34453865932656247,lmx1b
-1.9667386626322472,0.22738431324394026,-0.3323225131333419,lmx1b
-1.969184734648761,0.2053932824431587,-0.3202459141440089,lmx1b
-1.971364865859893,0.1832952017789768,-0.30831508552270365,lmx1b
-1.9732684394077304,0.16108937729330633,-0.296536421197854,lmx1b
-1.9748838093435759,0.13877682435988145,-0.28491784571461254,lmx1b
-1.9761984923977807,0.11635815319315151,-0.273467643133536,lmx1b
-1.9772028638619459,0.09383682104783116,-0.26219001255846225,lmx1b
-1.977893625452226,0.07121940041937833,-0.25107987711828933,lmx1b
-1.978267781366162,0.04851560498430634,-0.2401324226155382,lmx1b
-1.9783220767514629,0.025734545655746364,-0.22934232651451222,lmx1b
-1.9780528880686155,0.0028831433155027866,-0.21870303605440877,lmx1b
-1.9774561864495241,-0.02002898565883001,-0.2082090500140619,lmx1b
-1.9765275450904292,-0.04299239148537258,-0.19785451305042492,lmx1b
-1.9752618968262583,-0.06600060495653688,-0.18763195613193176,lmx1b
-1.9736539421279653,-0.08904116482358071,-0.1775362607326022,lmx1b
-1.971697300727796,-0.11210883589577089,-0.1675587657531846,lmx1b
-1.9693855676456007,-0.13518992629045837,-0.15769408264239002,lmx1b
-1.9667109673110301,-0.15827764736692862,-0.14793337860716713,lmx1b
-1.963665438342967,-0.18135963016702397,-0.13826967459544065,lmx1b
-1.9602399705253444,-0.20442416543832756,-0.12869508727823753,lmx1b
-1.9564240451689336,-0.22746221147159512,-0.11919994289998355,lmx1b
-1.9522067832736507,-0.2504592084498314,-0.10977605989013754,lmx1b
-1.947575899342905,-0.2734013278187777,-0.10041403384328322,lmx1b
-1.9425177222070331,-0.296273975627123,-0.09110372732272722,lmx1b
-1.937017144601936,-0.3190610467378679,-0.08183441426368468,lmx1b
-1.931057491428493,-0.34174460186837285,-0.07259472314487066,lmx1b
-1.9246203834017992,-0.364304482369935,-0.06337257583966158,lmx1b
-1.9176855993568185,-0.3867178521358456,-0.054155122658397434,lmx1b
-1.9102309421687338,-0.40895865494899536,-0.04492867454819363,lmx1b
-1.902230450224671,-0.43100138488926476,-0.03567677016587684,lmx1b
-1.893658283584969,-0.45280889239910815,-0.026384869108295194,lmx1b
-1.8844835101054447,-0.47434555093524927,-0.017034364873615905,lmx1b
-1.874677520218876,-0.4955680583466524,-0.007612299289519307,lmx1b
-1.8642204565748526,-0.5164493975617289,0.0018770592832457595,lmx1b
-1.8531002598090547,-0.5369598814319291,0.011420278661500628,lmx1b
-1.8413068610606504,-0.5570714088833343,0.021003094625443516,lmx1b
-1.8288333319881336,-0.5767562549130079,0.030609715893779556,lmx1b
-1.8156762394870232,-0.595987609080053,0.040222920654542395,lmx1b
-1.801835619394208,-0.6147405626635185,0.04982441624005099,lmx1b
-1.7873175279063445,-0.632989706823386,0.05939347198624363,lmx1b
-1.772130535072648,-0.6507146683790822,0.0689096887005236,lmx1b
-1.7562880415007127,-0.6678974650798667,0.07835165164964197,lmx1b
-1.7398075746719919,-0.6845238058226188,0.08769765024897953,lmx1b
-1.722710850042494,-0.7005832052540728,0.09692583656216532,lmx1b
-1.7050215936384263,-0.7160708978891803,0.10601549502394154,lmx1b
-1.6867678337551524,-0.7309853902150724,0.11494584936432085,lmx1b
-1.6679791530730979,-0.7453305067465105,0.12369750101290747,lmx1b
-1.6486866412635874,-0.7591146992688507,0.13225232612151322,lmx1b
-1.6289223871987402,-0.7723507269475937,0.1405935864808187,lmx1b
-1.6087188195725426,-0.7850553803022047,0.14870606510568285,lmx1b
-1.588108436714641,-0.7972489240541373,0.15657600915040915,lmx1b
-1.5671229103810271,-0.8089544271278035,0.16419160629888854,lmx1b
-1.5457913982779043,-0.8201912990049126,0.1715475687066143,lmx1b
-1.5241409448694734,-0.83097633280994,0.17864369476983066,lmx1b
-1.502197546435249,-0.841327974529008,0.1854810027782925,lmx1b
-1.4799860055239742,-0.8512661346121653,0.1920615079836987,lmx1b
-1.4575298773775354,-0.8608118711423944,0.1983880705008684,lmx1b
-1.434851364959523,-0.8699871430370589,0.20446427647413568,lmx1b
-1.4119710359834818,-0.8788146681357264,0.21029437632350043,lmx1b
-1.3889081458958772,-0.8873175794841853,0.21588307775428625,lmx1b
-1.365680566569525,-0.8955192913789595,0.2212354680363016,lmx1b
-1.3423050696625034,-0.9034432735933979,0.22635686859132756,lmx1b
-1.3187969289321584,-0.9111130934432276,0.23125285722708627,lmx1b
-1.2951700694789918,-0.9185522830105071,0.2359291684278016,lmx1b
-1.2714375646620397,-0.9257841357962454,0.24039154775551044,lmx1b
-1.2476118358106447,-0.932831634934414,0.24464569248274257,lmx1b
-1.2237035585609555,-0.9397177677168077,0.2486974193954411,lmx1b
-1.1997232017594142,-0.9464650728052503,0.252552366048375,lmx1b
-1.1756806071370018,-0.9530957924609568,0.2562160651428462,lmx1b
-1.1515843836262556,-0.9596320576769065,0.2596940233083951,lmx1b
-1.1274419658386083,-0.9660902729829043,0.26299134109069733,lmx1b
-1.1032555935894184,-0.9724714297076115,0.266112677590741,lmx1b
-1.0790270391735097,-0.9787736299845183,0.26906255709945676,lmx1b
-1.0547579551056874,-0.9849950625748968,0.27184552024671915,lmx1b
-1.0304497152340673,-0.9911340408593409,0.2744661323043452,lmx1b
-1.0061040322848607,-0.9971888454113678,0.27692890976716794,lmx1b
-0.981722045743125,-1.0031579523148082,0.2792384114950154,lmx1b
-0.9573053506225281,-1.0090397763348156,0.2813991295593866,lmx1b
-0.9328550674356983,-1.0148328984819726,0.2834155743165386,lmx1b
-0.908372447403449,-1.0205359168544603,0.2852922129845776,lmx1b
-0.8838588557597482,-1.026147452985404,0.2870334722825894,lmx1b
-0.8593149948108992,-1.0316663272067668,0.2886437881250404,lmx1b
-0.834742583697017,-1.0370911775827627,0.2901274890957842,lmx1b
-0.8101421197010894,-1.0424209610026085,0.2914889389795011,lmx1b
-0.78551458374515,-1.0476545688526797,0.2927324227892078,lmx1b
-0.7608614863344183,-1.052790827255815,0.2938621553749494,lmx1b
-0.7361831629105479,-1.057828852328846,0.29488235854339084,lmx1b
-0.7114805034981363,-1.06276768299925,0.2957971737166344,lmx1b
-0.6867546728084225,-1.067606346491288,0.2966106818262925,lmx1b
-0.6620062772995774,-1.0723436900843921,0.2973263313310943,lmx1b
-0.6372348842452703,-1.0769745426397976,0.29793987252448584,lmx1b
-0.6124397825058472,-1.081490906225138,0.29844180286523575,lmx1b
-0.587620485778842,-1.085884764106933,0.2988226183491906,lmx1b
-0.5627769750859637,-1.0901480924046485,0.29907290980488044,lmx1b
-0.5379090996368334,-1.0942729593529275,0.29918336288659353,lmx1b
-0.5130171355024152,-1.0982514235132235,0.29914474443633393,lmx1b
-0.4881017230390765,-1.1020755469197985,0.2989479036092867,lmx1b
-0.4631638197157806,-1.1057374057810134,0.29858377343884024,lmx1b
-0.43820471497615704,-1.1092290926777246,0.29804337424637944,lmx1b
-0.41322604473696056,-1.1125427211597814,0.29731781971388654,lmx1b
-0.388229805347645,-1.115670432785187,0.2963983256369689,lmx1b
-0.36321836680080033,-1.118604406641525,0.29527622136543136,lmx1b
-0.3381944849486138,-1.1213368713790868,0.2939429639223723,lmx1b
-0.31316131244664414,-1.1238601197693463,0.2923901547705541,lmx1b
-0.2881224081145415,-1.1261665257805136,0.2906095591661562,lmx1b
-0.2630817443743433,-1.1282485641335873,0.28859312800473597,lmx1b
-0.23804371240250302,-1.1300988322673728,0.28633302202230426,lmx1b
-0.2130131246131594,-1.1317100745993798,0.2838216381661082,lmx1b
-0.18799521407876782,-1.1330752089216172,0.28105163789549115,lmx1b
-0.1629956293738348,-1.134187355412085,0.2780159773364496,lmx1b
-0.1380202995959489,-1.1350421760424085,0.2747091986114637,lmx1b
-0.11307511096163765,-1.1356428548277313,0.27113006209312235,lmx1b
-0.08816583355164341,-1.1359937846822825,0.26727789806033053,lmx1b
-0.06329820393221577,-1.1360990220338163,0.26315173692877597,lmx1b
-0.038477956829313334,-1.1359623032775092,0.25875031344159366,lmx1b
-0.013710855396346993,-1.135587060191086,0.25407207020569894,lmx1b
0.010997279472125488,-1.1349764343807613,0.24911516064017902,lmx1b
0.035640506073439056,-1.1341332921792906,0.24387745891771698,lmx1b
0.06021288464437396,-1.1330602317180973,0.23835652917423622,lmx1b
0.08470825652629027,-1.131759600612683,0.2325496667747308,lmx1b
0.10912028257783289,-1.1302335065008369,0.22645388717798065,lmx1b
0.1334424213637038,-1.1284838278735285,0.22006592581107962,lmx1b
0.15766789944203424,-1.1265122247489723,0.21338223945894286,lmx1b
0.18178968071243617,-1.1243201491065686,0.2063990078523761,lmx1b
0.20580051147271644,-1.1219088471317793,0.19911211177520924,lmx1b
0.2296927226818303,-1.119279384792099,0.19151718357457453,lmx1b
0.253458249521316,-1.1164326558792759,0.1836095984357835,lmx1b
0.27708866423393347,-1.1133693853447433,0.17538445704220598,lmx1b
0.30057510242048957,-1.1100901442792823,0.1668366023014929,lmx1b
0.323908223635718,-1.1065953622027953,0.1579606271987223,lmx1b
0.3470781702613984,-1.1028853403249201,0.1487508848585952,lmx1b
0.3700757650971181,-1.0989612823641095,0.13920405475663256,lmx1b
0.39289979069781295,-1.094830883446774,0.1293331446164905,lmx1b
0.4155530867364791,-1.0905043912384356,0.11915755401601963,lmx1b
0.4380394881113633,-1.0859919636963313,0.10869645772045167,lmx1b
0.46036375397217133,-1.0813036434233827,0.09796877070752923,lmx1b
0.4825315085827375,-1.0764493477728987,0.0869931468321684,lmx1b
0.5045491886074343,-1.0714388671823172,0.07578799248324936,lmx1b
0.5264239975260492,-1.0662818714125744,0.06437149467782675,lmx1b
0.5481638676239146,-1.0609879234847621,0.05276166330155601,lmx1b
0.5697774297911136,-1.0555665012568896,0.04097638752930176,lmx1b
0.5912744503773029,-1.0500269069379242,0.029033249514564534,lmx1b
0.6126648533328027,-1.0443785477816736,0.01695013897569138,lmx1b
0.6339591225360885,-1.0386308871622718,0.004745144749708594,lmx1b
0.6551685909107744,-1.0327934224071138,-0.007563488784705525,lmx1b
0.676306780015742,-1.0268753704568736,-0.01995800967737655,lmx1b
0.6973854152511153,-1.0208868615444338,-0.032418649597395946,lmx1b
0.7184191589957091,-1.0148377194637435,-0.04492617964033359,lmx1b
0.7394225960170266,-1.0087384252399298,-0.05745989045923399,lmx1b
0.7604121901812144,-1.0025996999107494,-0.06999845081647812,lmx1b
0.7814040189703596,-0.9964333358341934,-0.08251819799767085,lmx1b
0.802415276246034,-0.9902503451236947,-0.09499738971673267,lmx1b
0.8234508595527117,-0.9840553533943909,-0.10743064133016196,lmx1b
0.8445094274233114,-0.9778505313449747,-0.11981948280549397,lmx1b
0.8655902476044877,-0.9716380046045947,-0.13216618723742024,lmx1b
0.8866923600443104,-0.9654201193160191,-0.14447325922164908,lmx1b
0.9078156779675189,-0.9591991209713364,-0.15674409328525654,lmx1b
0.9289580872007612,-0.9529780105678944,-0.16898130433169775,lmx1b
0.9501179986727021,-0.9467597919513122,-0.1811882309302006,lmx1b
0.9712954824809893,-0.9405471380721836,-0.19336959005655519,lmx1b
0.992487298926041,-0.9343438452997315,-0.20552862304968714,lmx1b
1.0136935355255174,-0.9281528804791588,-0.2176709145477706,lmx1b
1.0349111363884138,-0.9219782660222755,-0.2298006737974491,lmx1b
1.0561384197279362,-0.9158237456984162,-0.24192331531022296,lmx1b
1.0773734712841017,-0.9096932399665386,-0.25404451994021116,lmx1b
1.0986143098755792,-0.9035907797568703,-0.26617030565702604,lmx1b
1.1198583135799807,-0.8975206492519728,-0.2783066681529263,lmx1b
1.141102990781854,-0.8914871387640463,-0.29045998051032784,lmx1b
1.162345934887563,-0.8854940785385467,-0.3026363022520496,lmx1b
1.1835852158903828,-0.8795437076897041,-0.3148401919692879,lmx1b
1.204818675084684,-0.8736379808004919,-0.32707578543800886,lmx1b
1.2260442177742785,-0.8677787520817964,-0.3393473081157215,lmx1b
1.2472597138832555,-0.8619677920600196,-0.35165898263730616,lmx1b
1.268463010080085,-0.8562067733426494,-0.3640149983964764,lmx1b
1.2896520157894253,-0.8504972374316291,-0.37641952335455814,lmx1b
1.3108244195935792,-0.8448406619725339,-0.3888764987303616,lmx1b
1.3319780133189407,-0.8392383649497508,-0.4013897888816614,lmx1b
1.3531106469686274,-0.8336915111440012,-0.4139631177755914,lmx1b
1.3742200754197664,-0.8282011474478734,-0.4265999413008036,lmx1b
1.3953042290929056,-0.8227681287764724,-0.4393035745590893,lmx1b
1.4163610801948825,-0.8173931522440271,-0.452077082253535,lmx1b
1.4373886565481249,-0.8120767538993174,-0.4649232598731306,lmx1b
1.4583849091270298,-0.8068193437091911,-0.47784452873130784,lmx1b
1.4793487181630165,-0.8016212622633545,-0.49084216963403854,lmx1b
1.5002830013532231,-0.7964836060783377,-0.5039113114337056,lmx1b
1.521192056177311,-0.791407763545427,-0.5170448799903832,lmx1b
1.542080119649219,-0.7863950660774025,-0.5302359983784636,lmx1b
1.562951358690921,-0.7814467913734325,-0.5434779828371297,lmx1b
1.5838098652571722,-0.7765641668265569,-0.5567643348740688,lmx1b
1.6046596520413217,-0.7717483726826035,-0.5700887335180674,lmx1b
1.6255046487130134,-0.7670005449552195,-0.5834450277694411,lmx1b
1.6463486986425941,-0.7623217781030931,-0.5968272292891463,lmx1b
1.6671954286164452,-0.7577131554332344,-0.6102294233812916,lmx1b
1.688048449165824,-0.7531757053225574,-0.6236458925325759,lmx1b
1.7089114566007864,-0.7487103823943803,-0.6370711774095492,lmx1b
1.7297879239934864,-0.7443181366779115,-0.650499872963037,lmx1b
1.7506810520022233,-0.7399999227095118,-0.6639265920387302,lmx1b
1.771593957614797,-0.7357566594582721,-0.6773460826860719,lmx1b
1.7925301019601982,-0.731589147256913,-0.6907534977862995,lmx1b
1.813491332372562,-0.7274971946692368,-0.7041448061122941,lmx1b
1.8344761022397718,-0.7234761690965585,-0.7175207469245584,lmx1b
1.8554820196590711,-0.7195206150478035,-0.7308831476845074,lmx1b
1.8765066623159619,-0.7156254177058865,-0.7442336718169109,lmx1b
1.8975479465827636,-0.7117856785902167,-0.757574084550058,lmx1b
1.9186038213872185,-0.7079967233851616,-0.7709060870992236,lmx1b
1.939672157949116,-0.7042540744651541,-0.7842312747872118,lmx1b
1.960751234263646,-0.7005533213619499,-0.7975514702649464,lmx1b
1.9818389292078429,-0.6968902215910381,-0.8108682406642195,lmx1b
2.0029333647390715,-0.6932605454753863,-0.8241833310697565,lmx1b
2.02403294809652,-0.6896600289886003,-0.8374987195897656,lmx1b
2.0451353167863866,-0.6860845098148726,-0.8508159827217804,lmx1b
2.066238520464894,-0.6825296780551526,-0.8641370754958986,lmx1b
2.0873409426003717,-0.6789910404302496,-0.877464321027366,lmx1b
2.1084401973312583,-0.6754640473717274,-0.8907997589641377,lmx1b
2.129533841701294,-0.6719439058137142,-0.904145647419145,lmx1b
2.15061949933179,-0.6684257117929477,-0.9175042870585343,lmx1b
2.1716968514083956,-0.6649062376392736,-0.9308763211738966,lmx1b
2.1927660121480006,-0.6613833510960787,-0.9442608042911165,lmx1b
2.2138261382440434,-0.657854884631791,-0.9576561155112829,lmx1b
2.2348793680219545,-0.6543179075812435,-0.9710624719404148,lmx1b
2.255924277814668,-0.6507697591763614,-0.9844777444308801,lmx1b
2.2769615883560808,-0.647207008639754,-0.9979010616579507,lmx1b
2.2979914658055316,-0.6436257986452751,-1.0113310568686291,lmx1b
2.319013655483279,-0.6400216776172101,-1.0247659041722708,lmx1b
2.340029420282192,-0.6363890640224932,-1.0382044921977798,lmx1b
2.3610379706682667,-0.6327215746103448,-1.051644049497786,lmx1b
2.3820407937688026,-0.6290108589892398,-1.0650827776892247,lmx1b
2.403036393526345,-0.6252468979988147,-1.0785162830014083,lmx1b
2.4240255852559147,-0.6214161747600415,-1.0919406189383474,lmx1b
2.4450102377443743,-0.617506877265282,-1.1053490635944971,lmx1b
2.465996882749774,-0.6135147349069937,-1.1187314635729309,lmx1b
2.486993208045429,-0.6094371156662948,-1.1320724827492168,lmx1b
2.5080111391005815,-0.6052724427023378,-1.1453511547544102,lmx1b
2.5290695762823736,-0.6010211408754897,-1.15853831352338,lmx1b
2.55019611182247,-0.5966880283365165,-1.1715904952144818,lmx1b
2.5714313673671416,-0.5922866805153114,-1.1844402074120657,lmx1b
2.592842235447955,-0.5878468496816955,-1.196981844248511,lmx1b
2.6145023210110065,-0.5834025471067805,-1.2090850342967057,lmx1b
2.6364563380378843,-0.5789572446129237,-1.2206469900397297,lmx1b
2.6587368181339355,-0.574508265977371,-1.2315637872884404,lmx1b
2.681322851166447,-0.5700420466147063,-1.2418271922535986,lmx1b
2.70415208499814,-0.5655305867055056,-1.251515454260094,lmx1b
2.727283465913517,-0.5609691252235383,-1.2604326037010976,lmx1b
2.750719037359544,-0.5563618081243178,-1.2684899488039583,lmx1b
1.3484665295858427,1.7970102337030884,1.6385339991374082,inj-ctrl
1.3464211577768024,1.8034690857769191,1.6137635645663153,inj-ctrl
1.3467681341010123,1.8116246845446475,1.5874636816135184,inj-ctrl
1.3500923509360283,1.8204612310253825,1.561525573750727,inj-ctrl
1.3542055062332694,1.8289387171709997,1.535579531299016,inj-ctrl
1.3588285322204896,1.836379135112196,1.5094056037485875,inj-ctrl
1.3639128491559231,1.839574563388407,1.4826182261019527,inj-ctrl
1.3575977230786849,1.837490958427827,1.456172583163593,inj-ctrl
1.3466952337759925,1.839447114737683,1.430894573617842,inj-ctrl
1.3354800022894515,1.8429154835388133,1.4059146806330034,inj-ctrl
1.3242739169754973,1.8471535797238905,1.3810501225710072,inj-ctrl
1.3131302265843694,1.8518765943449742,1.3562382483823214,inj-ctrl
1.3020595036037705,1.8569400753713992,1.331457183626024,inj-ctrl
1.2910661935882168,1.862254948459868,1.3067125147628345,inj-ctrl
1.280103413225251,1.8677539609347285,1.2819804806975386,inj-ctrl
1.2691245080219387,1.8733753340264119,1.2572755919808953,inj-ctrl
1.2581053313633432,1.8790767080962574,1.2326217190212516,inj-ctrl
1.2470167432617634,1.884835846648638,1.2080078711281175,inj-ctrl
1.2358425501336399,1.8906339335082614,1.1834390513661466,inj-ctrl
1.224568852459084,1.8964571370616037,1.158917731709831,inj-ctrl
1.213189662021124,1.9022915274116587,1.134458893542969,inj-ctrl
1.2016885988797075,1.9081311382876864,1.1100523861822358,inj-ctrl
1.1900583247355567,1.9139670985159913,1.0857060894957102,inj-ctrl
1.1782898087901978,1.9197925706718,1.0614235148259454,inj-ctrl
1.1663755036817982,1.9256007405621818,1.037211076047967,inj-ctrl
1.154303657120182,1.9313872733671416,1.0130670221475877,inj-ctrl
1.1420677500469134,1.9371455003217655,0.9890008875418027,inj-ctrl
1.1296586315025536,1.9428700624740953,0.9650178302042197,inj-ctrl
1.1170650298449096,1.9485564175738828,0.9411202713940979,inj-ctrl
1.1042771016023998,1.9541990601929924,0.9173150282008627,inj-ctrl
1.0912842361561326,1.959792420042387,0.8936092847181646,inj-ctrl
1.0780751443251895,1.9653306879047798,0.8700110727196839,inj-ctrl
1.0646372114093525,1.9708079467205475,0.8465284652478032,inj-ctrl
1.0509566407934716,1.976217947918169,0.8231702703851617,inj-ctrl
1.0370189524174174,1.9815537591395698,0.7999472973933639,inj-ctrl
1.022808383735,1.9868078428037712,0.776871763438088,inj-ctrl
1.0083077424408522,1.9919719210643168,0.7539575869723905,inj-ctrl
0.9934981006904259,1.9970368683181288,0.731220522112866,inj-ctrl
0.9783565717602033,2.001993173087548,0.7086756195993176,inj-ctrl
0.9628617805312604,2.006828829336376,0.686346301770649,inj-ctrl
0.9469887584313634,2.011530759134896,0.6642574664509617,inj-ctrl
0.9307093549919059,2.0160842241426282,0.6424374420594989,inj-ctrl
0.9139871846833719,2.020473613380396,0.6209130750925311,inj-ctrl
0.8967978029464033,2.0246787881878507,0.599729449590847,inj-ctrl
0.8791306012151571,2.0286886697915336,0.5789018153220029,inj-ctrl
0.8609933242245591,2.0324939903931116,0.5584438198763167,inj-ctrl
0.8423933568698103,2.0360860933680898,0.538365426609941,inj-ctrl
0.8233428709323813,2.039455922334805,0.5186784991288529,inj-ctrl
0.8038482022726767,2.042595941691715,0.4993856600405431,inj-ctrl
0.783928019714379,2.0454970863875297,0.48049857682717423,inj-ctrl
0.7635961781742434,2.0481517214459224,0.46202042307523095,inj-ctrl
0.7428660851329296,2.050552706901767,0.44395078660026643,inj-ctrl
0.7217570319938604,2.052692679549591,0.426291105387921,inj-ctrl
0.7002888331408982,2.0545648106871397,0.4090396271424382,inj-ctrl
0.6784813792793907,2.056162774048427,0.3921911993553724,inj-ctrl
0.65635569699497,2.0574805994805425,0.3757382102524806,inj-ctrl
0.6339337923274013,2.0585126620431735,0.35967047172245087,inj-ctrl
0.6112385109502269,2.059253656714112,0.34397513014452,inj-ctrl
0.5882934223421693,2.059698560175067,0.3286365997883914,inj-ctrl
0.5651215371506725,2.0598425810947356,0.3136357490512873,inj-ctrl
0.5417465494731033,2.0596810406547754,0.29895076735987947,inj-ctrl
0.5181954751151996,2.059209383774965,0.28455868956467406,inj-ctrl
0.49449428494453784,2.0584231136992104,0.27043253910268095,inj-ctrl
0.4706648350622312,2.057317442557101,0.25653957890552126,inj-ctrl
0.4467378705940734,2.0558877502254873,0.24284876500923558,inj-ctrl
0.4227388830886246,2.0541289037146067,0.22932219783466418,inj-ctrl
0.39869746878823814,2.052035615021217,0.2159202633838344,inj-ctrl
0.3746422222401279,2.0496019828707155,0.2025983392837254,inj-ctrl
0.35060815006039914,2.0468221105262967,0.18931043980261025,inj-ctrl
0.3266214651938014,2.0436910926694907,0.17601164946606607,inj-ctrl
0.30269348052628453,2.0402136355068934,0.16269232520841773,inj-ctrl
0.2788298783760386,2.036398059834856,0.14935137331294004,inj-ctrl
0.25503471011942536,2.0322539570398472,0.13598656861809166,inj-ctrl
0.2313118572560477,2.027792468455612,0.12259535540486508,inj-ctrl
0.20766494348535805,2.023026371716262,0.10917479045504737,inj-ctrl
0.1840972518084271,2.017970166154023,0.09572148812635106,inj-ctrl
0.16061164817184137,2.012640158490428,0.08223156824428901,inj-ctrl
0.13720856774708595,2.007054074991201,0.06869947887715365,inj-ctrl
0.11389002581482666,2.0012320868370006,0.0551202896701169,inj-ctrl
0.09065852560874,1.9951967501765333,0.04148908088913697,inj-ctrl
0.06751018337292075,1.988971287579139,0.02779687599736192,inj-ctrl
0.044448428111457876,1.9825833224810199,0.014038693006614327,inj-ctrl
0.021467525292324263,1.9760605809706768,0.00020377541536631578,inj-ctrl
-0.0014319136747249694,1.9694352973504874,-0.013715186172461782,inj-ctrl
-0.024253252162876455,1.9627414982020335,-0.027728229004985436,inj-ctrl
-0.047000502035143825,1.9560160760379623,-0.04184615451455815,inj-ctrl
-0.06967800607927027,1.9492990539157897,-0.05608033781038223,inj-ctrl
-0.09229033327413129,1.942633786187868,-0.07044265576287198,inj-ctrl
-0.11484225669083482,1.9360652909365075,-0.08494438213757328,inj-ctrl
-0.13734011662559456,1.9296164724845302,-0.09958326512502041,inj-ctrl
-0.15979183235871952,1.9232931881241297,-0.11434651641276711,inj-ctrl
-0.18220607442863482,1.917101299837896,-0.12922001143753875,inj-ctrl
-0.20459552445499618,1.9110462520244196,-0.14419051943628045,inj-ctrl
-0.22696829829520526,1.9051354872170438,-0.15923976451876018,inj-ctrl
-0.24934010046099353,1.8993752691861086,-0.1743523044441914,inj-ctrl
-0.2717223264769161,1.893773947534474,-0.18950724387990447,inj-ctrl
-0.29413082434421867,1.8883397853137525,-0.204683785691198,inj-ctrl
-0.3165827310594482,1.8830819463348178,-0.2198586866636377,inj-ctrl
-0.3390965429883118,1.8780106352444979,-0.23500581122756947,inj-ctrl
-0.36169217616482535,1.8731372585464066,-0.25009559662477737,inj-ctrl
-0.38439101091394917,1.8684746081265706,-0.2650944151074192,inj-ctrl
-0.4072205538659841,1.864036192686742,-0.2799668157887826,inj-ctrl
-0.4302042107921823,1.8598385535070128,-0.29466786588451394,inj-ctrl
-0.4533716133466195,1.8558982108285178,-0.30914984307381727,inj-ctrl
-0.47673764671462193,1.8522005294327795,-0.3233754500714265,inj-ctrl
-0.5002993098394142,1.8486899356618778,-0.3373233077690721,inj-ctrl
-0.5240515887461602,1.8452994109415495,-0.3509718725859034,inj-ctrl
-0.5479925342173396,1.841950468906891,-0.3643009227538882,inj-ctrl
-0.5721138800583678,1.8385532045889812,-0.3772863194184939,inj-ctrl
-0.5964077095780747,1.8350039980772868,-0.3899040102698353,inj-ctrl
-0.6208610579973367,1.8311849563757803,-0.402127389634949,inj-ctrl
-0.6454561065451999,1.8269627519597669,-0.4139279488455486,inj-ctrl
-0.6701632345008472,1.822189211927695,-0.4252727501508158,inj-ctrl
-0.6949425181661915,1.8167016223376202,-0.4361264547121272,inj-ctrl
-0.7197359801827337,1.8103265832178266,-0.44644950711088033,inj-ctrl
-0.7444698520645134,1.8029210018896613,-0.4562113790953339,inj-ctrl
-0.7690855972838091,1.794511675828006,-0.4654445572470035,inj-ctrl
-0.793543190308423,1.7851959435116211,-0.4742180305431808,inj-ctrl
-0.8178183357455566,1.7750915544616355,-0.48261849620355823,inj-ctrl
-0.8419035252353013,1.7643276523911728,-0.490744235804501,inj-ctrl
-0.865804452207571,1.7530371441663075,-0.49869772345752267,inj-ctrl
-0.8895377390447166,1.7413494212800853,-0.5065798340808781,inj-ctrl
-0.9131259281456774,1.7293860581634126,-0.5144846132685815,inj-ctrl
-0.9365931436434227,1.7172582713366225,-0.5224957108850656,inj-ctrl
-0.9599652631954831,1.7050638796058804,-0.5306855472886155,inj-ctrl
-0.9832639239670388,1.692886171146397,-0.5391058135113438,inj-ctrl
-1.0065223983732423,1.680744165055522,-0.547683784555757,inj-ctrl
-1.0297835342564885,1.6686110080022432,-0.5562686989009724,inj-ctrl
-1.0530808848176625,1.6564643193966677,-0.5647345184366748,inj-ctrl
-1.07644038406166,1.6442865469183263,-0.5729829995813167,inj-ctrl
-1.0998800539640958,1.632065080474037,-0.5809405809722664,inj-ctrl
-1.1234047841008838,1.6197948887404705,-0.5885527269623618,inj-ctrl
-1.1470224377742115,1.6074700147415415,-0.5957850792570372,inj-ctrl
-1.1707314124201593,1.5950899544152959,-0.6026153353678834,inj-ctrl
-1.1945255673669384,1.5826569898524228,-0.6090315979867691,inj-ctrl
-1.2184020011394034,1.5701720380161597,-0.6150315672742475,inj-ctrl
-1.2423539156039187,1.5576383036780843,-0.6206181763813334,inj-ctrl
-1.2663757870352563,1.5450585162087171,-0.6257991050676747,inj-ctrl
-1.290453126410897,1.5324402467099412,-0.6305832810473876,inj-ctrl
-1.3145883200369648,1.5197823301134368,-0.6349850430846681,inj-ctrl
-1.338769203599625,1.507089572732321,-0.6390172226539246,inj-ctrl
-1.362977282740414,1.4943458450503648,-0.6426945218632294,inj-ctrl
-1.3871920489103076,1.481522378974111,-0.6460295478380348,inj-ctrl
-1.4113968164228703,1.4685938530614835,-0.6490311083149548,inj-ctrl
-1.4355741534948636,1.455539610892922,-0.6517045681762978,inj-ctrl
-1.4597043685650808,1.4423433543198356,-0.6540525581133171,inj-ctrl
-1.4837776144586872,1.4289856606552336,-0.6560766122478687,inj-ctrl
-1.5077781038016527,1.4154519296747627,-0.6577758916937989,inj-ctrl
-1.5316890827034597,1.4017293047173376,-0.6591481061449451,inj-ctrl
-1.555499902698456,1.387802201191111,-0.6601900357111329,inj-ctrl
-1.579195424062759,1.3736580455784495,-0.6608969992422388,inj-ctrl
-1.6027604014410972,1.359284585810329,-0.6612632880278427,inj-ctrl
-1.6261791974078155,1.344669865175111,-0.6612822257705719,inj-ctrl
-1.649435240663407,1.3298024066404621,-0.6609462307320048,inj-ctrl
-1.6725117870219592,1.3146706005167696,-0.6602468562668694,inj-ctrl
-1.695390949688716,1.2992632064842398,-0.6591748341682195,inj-ctrl
-1.7180533970525813,1.2835694975388416,-0.6577201500168033,inj-ctrl
-1.7404785387220387,1.2675791004236343,-0.6558720978474798,inj-ctrl
-1.7626443975781552,1.2512820611399516,-0.6536193446738627,inj-ctrl
-1.7845274752147773,1.23466894547625,-0.6509500082781845,inj-ctrl
-1.8061025878602073,1.2177309990147767,-0.6478517582635972,inj-ctrl
-1.827343111964716,1.2004600164564965,-0.6443118736149644,inj-ctrl
-1.8482205080982002,1.182848813781058,-0.6403174243144135,inj-ctrl
-1.868704434793144,1.164891296816803,-0.6358554077927356,inj-ctrl
-1.888762747193405,1.1465826654503724,-0.6309129293581808,inj-ctrl
-1.9083656979737749,1.1279225721506918,-0.6254820250699609,inj-ctrl
-1.9275048798439014,1.1089271402305074,-0.6195795452435788,inj-ctrl
-1.9461801027608319,1.089616586526739,-0.6132299956845668,inj-ctrl
-1.9643921310864332,1.0700096471486733,-0.6064571276386868,inj-ctrl
-1.9821424538161687,1.0501236030121628,-0.5992838702399,inj-ctrl
-1.999433079721984,1.0299743233721907,-0.5917322959352486,inj-ctrl
-2.0162663522232034,1.009576318678778,-0.5838236086264986,inj-ctrl
-2.0326448389584715,0.9889427263903874,-0.5755781210552704,inj-ctrl
-2.048571105464411,0.9680854584177087,-0.5670153089539107,inj-ctrl
-2.064047548484282,0.9470153072880761,-0.5581538658157784,inj-ctrl
-2.079076323415987,0.92574194123663,-0.5490117223122868,inj-ctrl
-2.0936592184668266,0.9042739723632911,-0.5396061037940696,inj-ctrl
-2.1077975435953062,0.8826190097058557,-0.5299535904448204,inj-ctrl
-2.1214920219592988,0.860783708343303,-0.5200701840501042,inj-ctrl
-2.1347426806190204,0.8387738147190645,-0.509971381452248,inj-ctrl
-2.147548737054561,0.8165942087670108,-0.49967225534492854,inj-ctrl
-2.159908477795374,0.7942489438280037,-0.4891875436780157,inj-ctrl
-2.1718191250958316,0.7717412857932069,-0.47853174962463757,inj-ctrl
-2.1832766870971554,0.7490737534391281,-0.4677192548459856,inj-ctrl
-2.1942757862581503,0.726248162573512,-0.4567644497220656,inj-ctrl
-2.204809459975215,0.7032656774480545,-0.44568188535819164,inj-ctrl
-2.214868926197474,0.6801268739863284,-0.43448645360338584,inj-ctrl
-2.224444545140262,0.6568287142911684,-0.42319209643478994,inj-ctrl
-2.2335223804092554,0.6333719391180855,-0.41181560328042244,inj-ctrl
-2.242086073389887,0.6097561502233965,-0.40037448911711965,inj-ctrl
-2.2501176047940317,0.5859758451478395,-0.38888538927683136,inj-ctrl
-2.257595591169212,0.562031101462168,-0.37736434744111486,inj-ctrl
-2.2645038399017987,0.537931359677965,-0.365812425950316,inj-ctrl
-2.270829009284979,0.5136891890688223,-0.35422635148212905,inj-ctrl
-2.2765599666642555,0.48931575317099446,-0.3426010725076636,inj-ctrl
-2.2816859809873176,0.4648295655623551,-0.33093390051825755,inj-ctrl
-2.286199544251518,0.44024605752910556,-0.3192195109590949,inj-ctrl
-2.2900953971080273,0.4155821783230723,-0.3074521337521796,inj-ctrl
-2.29337083674101,0.3908561531516334,-0.2956254450277994,inj-ctrl
-2.296025980223155,0.3660872169757563,-0.2837324657744371,inj-ctrl
-2.2980639755702925,0.34129533362867,-0.27176547113581057,inj-ctrl
-2.2994911552589676,0.31650091025674243,-0.25971591361645974,inj-ctrl
-2.3003171297502933,0.2917245169832082,-0.24757436283813344,inj-ctrl
-2.300554821357246,0.2669866210401467,-0.23533046378050543,inj-ctrl
-2.300220384000296,0.24230504113335433,-0.22297175449864054,inj-ctrl
-2.299333195604262,0.21770157069052687,-0.21048707612335074,inj-ctrl
-2.2979157537292365,0.19319467266158963,-0.19786305360954307,inj-ctrl
-2.2959934022455153,0.1688011998313265,-0.18508502086282744,inj-ctrl
-2.2935944776793993,0.1445399614960009,-0.1721390138050539,inj-ctrl
-2.290749588493302,0.12042535999481785,-0.15900853491654554,inj-ctrl
-2.2874920398735576,0.09647395756483698,-0.14567816668456976,inj-ctrl
-2.2838549228152205,0.07269817402979435,-0.1321325639207284,inj-ctrl
-2.2798434881797096,0.04909985540649046,-0.11838394633394102,inj-ctrl
-2.2754417957847823,0.025671569354815654,-0.10446555828289557,inj-ctrl
-2.2706341950885998,0.0024039417511439345,-0.09041173954197984,inj-ctrl
-2.265406410124562,-0.02071198618093456,-0.07625842590396882,inj-ctrl
-2.2597453022668823,-0.043686570557432906,-0.06204173090980461,inj-ctrl
-2.2536392504696794,-0.06653026123290663,-0.047798383431391,inj-ctrl
-2.2470781854171977,-0.08925388518640426,-0.03356519343396026,inj-ctrl
-2.2400538006822552,-0.11186815915263804,-0.01937898525532904,inj-ctrl
-2.232559718923291,-0.13438341091387626,-0.005276399222050119,inj-ctrl
-2.2245912158075085,-0.15681050510552536,0.008707058585656808,inj-ctrl
-2.2161461675412113,-0.17915820156404635,0.022535730597035782,inj-ctrl
-2.2072238218008984,-0.20143657347271257,0.036176281640420915,inj-ctrl
-2.1978261814734883,-0.22365325691855725,0.049595703985576514,inj-ctrl
-2.1879567830593043,-0.24581643643984902,0.06276344575827279,inj-ctrl
-2.177621899487759,-0.26793186132880614,0.07564988070482116,inj-ctrl
-2.1668285770439,-0.2900069244924568,0.08822892295737383,inj-ctrl
-2.1555877198434232,-0.31204399601825555,0.10047437428321818,inj-ctrl
-2.143909834572371,-0.3340488365995289,0.11236484150737294,inj-ctrl
-2.1318084582509833,-0.3560229263500792,0.12388456339538893,inj-ctrl
-2.119302846436494,-0.377955089198686,0.13504761645214328,inj-ctrl
-2.1064131245173563,-0.3998307436661837,0.14587961944916938,inj-ctrl
-2.0931581064365123,-0.42163688637780194,0.15640514155331645,inj-ctrl
-2.0795545920381366,-0.4433631315511942,0.16664820808599218,inj-ctrl
-2.0656188884319966,-0.46499916491953497,0.1766311622673245,inj-ctrl
-2.0513656505255744,-0.48653659586590414,0.18637564511409377,inj-ctrl
-2.036808406406392,-0.5079680660176933,0.19590226070450928,inj-ctrl
-2.0219596749708346,-0.5292870623766942,0.2052305895570574,inj-ctrl
-2.006831016170515,-0.5504878426082797,0.21437925145990297,inj-ctrl
-1.9914343593408403,-0.5715636336107388,0.22336523210185777,inj-ctrl
-1.975779550377689,-0.5925100663424392,0.23220544637777538,inj-ctrl
-1.9598748696726225,-0.6133243101232496,0.24091641807900455,inj-ctrl
-1.943731507264267,-0.6339992989365552,0.24951195314719174,inj-ctrl
-1.9273553098628815,-0.6545344638299125,0.25800769260177864,inj-ctrl
-1.9107560350965862,-0.6749238696305692,0.26641623969947825,inj-ctrl
-1.8939389277545204,-0.6951668278797444,0.2747516199283602,inj-ctrl
-1.8769133646384921,-0.7152573212035247,0.2830249720506045,inj-ctrl
-1.8596833534976076,-0.735195435130921,0.29124931021162415,inj-ctrl
-1.8422563961755838,-0.7549768468069452,0.29943524198353527,inj-ctrl
-1.824638380292577,-0.7745988964171265,0.307593510299849,inj-ctrl
-1.8068337974318038,-0.7940602224801121,0.3157348923460395,inj-ctrl
-1.7888480282925168,-0.8133582343364447,0.3238689550230721,inj-ctrl
-1.7706866796973515,-0.8324897542990203,0.33200056134904954,inj-ctrl
-1.7523511310989668,-0.8514550180436956,0.34013252049963366,inj-ctrl
-1.7338436500225407,-0.8702520083787423,0.3482667428837532,inj-ctrl
-1.7151658657923,-0.888878156506365,0.35640508839260243,inj-ctrl
-1.6963187962935116,-0.907330343273978,0.3645493872247548,inj-ctrl
-1.6773029464848057,-0.9256048133407424,0.3727014243360962,inj-ctrl
-1.658118089290749,-0.9436973771634307,0.3808630552610913,inj-ctrl
-1.6387634762027647,-0.9616031776645024,0.3890361326751014,inj-ctrl
-1.6192380335826744,-0.9793164751116346,0.3972224393874792,inj-ctrl
-1.5995402061039679,-0.9968307467170315,0.4054237679824898,inj-ctrl
-1.5796679665605438,-1.0141386087257098,0.41364192632587565,inj-ctrl
-1.559618822898615,-1.0312317239517363,0.421878741994953,inj-ctrl
-1.5393887523648873,-1.0481015753910055,0.43013650124093483,inj-ctrl
-1.518974796771363,-1.064737147725631,0.4384168893499559,inj-ctrl
-1.498373089115769,-1.0811264730710188,0.44672180473709855,inj-ctrl
-1.4775792273316568,-1.097256124567222,0.4550532035976293,inj-ctrl
-1.4565860495408902,-1.1131126574735193,0.4634139802550289,inj-ctrl
-1.435388828086093,-1.1286783596176977,0.4718058859421649,inj-ctrl
-1.4139825228496747,-1.1439331908792514,0.48023063482654227,inj-ctrl
-1.3923554385466956,-1.1588587647999748,0.4886923715328293,inj-ctrl
-1.370504748599919,-1.1734270436425698,0.49719156883437104,inj-ctrl
-1.348416616056408,-1.1876134769296174,0.5057327848466738,inj-ctrl
-1.3260864883688641,-1.2013828277136416,0.5143167467729232,inj-ctrl
-1.3034997667720916,-1.2147009201319665,0.5229477804890348,inj-ctrl
-1.2806505987554377,-1.2275344597917124,0.5316224498469158,inj-ctrl
-1.2575401497991108,-1.239869646373865,0.5403251668150022,inj-ctrl
-1.2341698628070703,-1.2516975416200624,0.5490377642078718,inj-ctrl
-1.2105423600991232,-1.2630108606091992,0.5577401895091804,inj-ctrl
-1.186661350334303,-1.2738043527862934,0.566410539850202,inj-ctrl
-1.1625315190377221,-1.2840751641612507,0.5750251222903507,inj-ctrl
-1.1381575945249536,-1.293823485810928,0.5835588196830234,inj-ctrl
-1.113543405788003,-1.3030530457612592,0.5919854391098098,inj-ctrl
-1.088698772248075,-1.311768795340483,0.6002754469157325,inj-ctrl
-1.0636277500119298,-1.319981426927342,0.6084000697802896,inj-ctrl
-1.038340027919643,-1.3277034258272349,0.6163275916443886,inj-ctrl
-1.0128409363157966,-1.3349524523851308,0.6240267349510652,inj-ctrl
-0.9871412799048475,-1.3417483833769202,0.6314637549314439,inj-ctrl
-0.9612489932899426,-1.3481157646798125,0.6386051998231127,inj-ctrl
-0.9351720078866146,-1.354082814777499,0.6454171716955713,inj-ctrl
-0.908921487484317,-1.35968062829976,0.6518647477698625,inj-ctrl
-0.8825075209577682,-1.3649440488333264,0.6579134088427195,inj-ctrl
-0.8559409791418586,-1.3699110046879617,0.6635288111606616,inj-ctrl
-0.8292336012348785,-1.3746222357435032,0.668677088055599,inj-ctrl
-0.8023967205387175,-1.3791074679727466,0.6733305571313974,inj-ctrl
-0.7754386295010299,-1.3833554061050044,0.6774785388758738,inj-ctrl
-0.7483673220488088,-1.3873458628868949,0.6811128666291394,inj-ctrl
-0.7211915034968271,-1.3910576081898312,0.6842244697851853,inj-ctrl
-0.6939207498846984,-1.3944682807805895,0.6868033558426443,inj-ctrl
-0.6665656860091678,-1.3975543023220114,0.6888386006130051,inj-ctrl
-0.6391374855474208,-1.4002908612048481,0.6903183799376883,inj-ctrl
-0.6116495172616805,-1.402651677733784,0.6912298800439931,inj-ctrl
-0.5841172149895464,-1.4046090172046672,0.6915594078266843,inj-ctrl
-0.5565572359378247,-1.4061337301619925,0.6912924657211328,inj-ctrl
-0.5289874585060691,-1.4071951850278646,0.6904137460387025,inj-ctrl
-0.5014312695965554,-1.4077611434391386,0.6889073990924941,inj-ctrl
-0.4739111746735294,-1.4077980419905627,0.6867569409488676,inj-ctrl
-0.44645691770825524,-1.4072709698853307,0.6839459207119002,inj-ctrl
-0.41909754315188485,-1.4061438552113974,0.6804575444997496,inj-ctrl
-0.39187009901098563,-1.4043799079523414,0.676275891559696,inj-ctrl
-0.36481315255872665,-1.4019443688729456,0.6713872431130807,inj-ctrl
-0.33795857348365366,-1.3988434198777027,0.6658046289651793,inj-ctrl
-0.311328334900692,-1.3951207043245881,0.6595664744789527,inj-ctrl
-0.28493537974331884,-1.3908262206334185,0.6527167120453706,inj-ctrl
-0.2587849669449062,-1.3860139609760784,0.6453029524756945,inj-ctrl
-0.23287532394522362,-1.3807404481045595,0.6373751421328977,inj-ctrl
-0.20719783759891472,-1.3750632796433608,0.6289841494061551,inj-ctrl
-0.1817379068405717,-1.369039951854596,0.6201806664060949,inj-ctrl
-0.1564764297986613,-1.3627270681042716,0.6110145464849972,inj-ctrl
-0.13139173676545954,-1.3561799387634805,0.6015345857458138,inj-ctrl
-0.10645733922287523,-1.3494512977673032,0.5917869256950797,inj-ctrl
-0.08164719623040546,-1.3425921733841248,0.5818164890095949,inj-ctrl
-0.05693299032219189,-1.335650826933832,0.5716655481923567,inj-ctrl
-0.03228721852930849,-1.3286733733445457,0.5613746872842347,inj-ctrl
-0.007681260919719098,-1.3217031069890122,0.5509818352785822,inj-ctrl
0.01690963587486405,-1.3147818384512773,0.5405242623203579,inj-ctrl
0.04150944801593749,-1.3079430106008907,0.5300319230603122,inj-ctrl
0.06612018380772106,-1.3011879963889101,0.5195100683865561,inj-ctrl
0.09073679778529636,-1.2945065567266107,0.5089547412095513,inj-ctrl
0.1153543271154007,-1.2878889597207195,0.49836227835226143,inj-ctrl
0.1399686604739977,-1.2813257800802844,0.4877289871640695,inj-ctrl
0.16457604095358647,-1.2748080156370603,0.47705134118296466,inj-ctrl
0.18917267227091547,-1.2683271700290055,0.466326135703707,inj-ctrl
0.21375429795440753,-1.2618753404174283,0.45555066092269686,inj-ctrl
0.23831805743985193,-1.2554447103414217,0.4447218759253399,inj-ctrl
0.2628609139585805,-1.249027944500072,0.43383707931945786,inj-ctrl
0.28738005164945885,-1.2426180646070912,0.42289372283474674,inj-ctrl
0.3118720381740105,-1.236208649950606,0.41188977545537653,inj-ctrl
0.33633356835410805,-1.2297936266863256,0.40082338603124706,inj-ctrl
0.36076374961777585,-1.2233666502279898,0.3896918279409832,inj-ctrl
0.3851578152835318,-1.2169227413863462,0.37849434657565767,inj-ctrl
0.40951566038191384,-1.2104560231921986,0.36722825495278083,inj-ctrl
0.43383273181184234,-1.203962113973318,0.35589310653863904,inj-ctrl
0.45810916641558996,-1.1974356858742787,0.3444864586567971,inj-ctrl
0.48234102405832,-1.1908734272373451,0.3330083673445858,inj-ctrl
0.5065291336820895,-1.1842741557229464,0.32145882430224826,inj-ctrl
0.5306737588216586,-1.177637786022006,0.3098385215379703,inj-ctrl
0.554774256819169,-1.1709643524635214,0.29814831077853626,inj-ctrl
0.578829997768832,-1.1642537644588762,0.2863887838533782,inj-ctrl
0.6028414014923412,-1.1575055161464267,0.27455977026178563,inj-ctrl
0.6268079074099702,-1.150719252988601,0.26266133605988307,inj-ctrl
0.6507288767761565,-1.143894522913269,0.25069335341221516,inj-ctrl
0.6746035783457377,-1.1370307791140917,0.23865551044189515,inj-ctrl
0.698431151103899,-1.13012738834532,0.2265473303657037,inj-ctrl
0.7222106458388056,-1.1231836152357006,0.2143681483030789,inj-ctrl
0.7459411373926622,-1.1161985837135393,0.20211704775814007,inj-ctrl
0.7696213998673738,-1.1091713654794704,0.1897930198432527,inj-ctrl
0.7932500608999166,-1.102100927615827,0.17739487538154114,inj-ctrl
0.8168255864599466,-1.0949861275369501,0.16492124007424686,inj-ctrl
0.8403462631483938,-1.0878257069332917,0.15237054800618424,inj-ctrl
0.8638101772222471,-1.0806182847415966,0.13974103361782572,inj-ctrl
0.8872155060846041,-1.0733622505448894,0.12703054953957768,inj-ctrl
0.9105600556317125,-1.066055886846519,0.11423678586419782,inj-ctrl
0.9338409430542087,-1.0586974497557793,0.10135741656865886,inj-ctrl
0.9570558074451231,-1.0512860441074103,0.08839038520398512,inj-ctrl
0.9802073982766882,-1.0438282691402847,0.07533767544260937,inj-ctrl
1.0033017833262263,-1.0363340876974019,0.06220286983746163,inj-ctrl
1.0263433569068763,-1.0288144938909802,0.04899097918952588,inj-ctrl
1.0493380379179151,-1.0212804087862606,0.03570659311834175,inj-ctrl
1.0722928209148457,-1.0137427592939745,0.02235408261970564,inj-ctrl
1.0952133544703953,-1.006213209316621,0.00893897051528838,inj-ctrl
1.1181065038403752,-0.9987032494174313,-0.004533595467509729,inj-ctrl
1.140979351098892,-0.9912244517395687,-0.01805831292067033,inj-ctrl
1.1638385493339745,-0.9837886048780494,-0.031629390487248964,inj-ctrl
1.1866912958754519,-0.9764073171205405,-0.04524117563797288,inj-ctrl
1.2095445461380179,-0.9690921936679744,-0.05888774453806118,inj-ctrl
1.23240535137287,-0.9618546479037862,-0.07256315930640309,inj-ctrl
1.2552803243815458,-0.9547059923976631,-0.08626120630214794,inj-ctrl
1.2781765118342558,-0.9476570895549886,-0.09997597605074751,inj-ctrl
1.301100038455974,-0.940718701180052,-0.11370110847743582,inj-ctrl
1.3240571347929455,-0.9339010994048488,-0.12743046419387097,inj-ctrl
1.3470540806754143,-0.9272140305040482,-0.14115814302044857,inj-ctrl
1.3700956981087853,-0.9206670935946498,-0.15487763503713955,inj-ctrl
1.3931872997479806,-0.9142689444321487,-0.1685831926763903,inj-ctrl
1.4163285645279682,-0.9080199026668929,-0.1822746406571854,inj-ctrl
1.439510759009156,-0.9019089850275229,-0.1959594855292622,inj-ctrl
1.462724660669902,-0.8959249537312325,-0.20964559560758644,inj-ctrl
1.4859626034211486,-0.8900568199898938,-0.22334145979332515,inj-ctrl
1.5092165542482237,-0.8842942393680915,-0.23705515672391744,inj-ctrl
1.532478683722218,-0.8786272599766033,-0.2507947910179417,inj-ctrl
1.5557413207482702,-0.8730462421841183,-0.26456856352440045,inj-ctrl
1.5789970605950188,-0.8675417473165152,-0.27838493291046734,inj-ctrl
1.6022382410093712,-0.8621045787745015,-0.29225240420367654,inj-ctrl
1.6254570778580728,-0.8567256652174255,-0.30617971018464746,inj-ctrl
1.648645572775917,-0.8513959992638154,-0.3201758633373359,inj-ctrl
1.6717960613873766,-0.8461064282297347,-0.33425060603256634,inj-ctrl
1.694899874882088,-0.8408478726952195,-0.34841372948443905,inj-ctrl
1.7179474800119827,-0.835611198033986,-0.3626752862177572,inj-ctrl
1.7409296051887477,-0.8303868579618857,-0.3770464425659079,inj-ctrl
1.7638366834645476,-0.8251649087330377,-0.39153933360207926,inj-ctrl
1.7866557450603076,-0.8199355932631471,-0.4061652872649121,inj-ctrl
1.809376890698509,-0.8146877180153582,-0.42093919231643234,inj-ctrl
1.831983855779416,-0.8094106582502744,-0.43587370410095005,inj-ctrl
1.8544653749835152,-0.8040921919244852,-0.450985420689332,inj-ctrl
1.8768123023025622,-0.7987260984588703,-0.4662762467461225,inj-ctrl
1.8990247819626893,-0.7933082971672654,-0.4817431273877315,inj-ctrl
1.9211035923747823,-0.7878342399264986,-0.49738324500180525,inj-ctrl
1.9430465064109426,-0.7822996902775371,-0.5131915849577097,inj-ctrl
1.9648530496216383,-0.7766994930805674,-0.5291642521461459,inj-ctrl
1.986522539156696,-0.7710279766537994,-0.5452970844321007,inj-ctrl
2.008054001708313,-0.7652788875178693,-0.5615855522364083,inj-ctrl
2.0294482214489484,-0.7594447218632671,-0.5780262953309717,inj-ctrl
2.0507030960905426,-0.7535178424993955,-0.5946135353902012,inj-ctrl
2.0718171777214187,-0.7474893762057392,-0.6113416786895491,inj-ctrl
2.092790747545964,-0.7413486629188196,-0.6282061590185495,inj-ctrl
2.113622790277333,-0.73508383893737,-0.6452009657458537,inj-ctrl
2.134311171175657,-0.72868148206237,-0.6623185993673782,inj-ctrl
2.1548544381949566,-0.7221256283105897,-0.6795513742450889,inj-ctrl
2.175252305665421,-0.7153969789302149,-0.6968916604536185,inj-ctrl
2.195501454542325,-0.708473811075996,-0.7143279650376148,inj-ctrl
2.215605109980843,-0.7013429910148541,-0.7318502776947575,inj-ctrl
2.2355708939667305,-0.6940109057573377,-0.7494451041518352,inj-ctrl
2.255414550107468,-0.6864870665892359,-0.7670994637706866,inj-ctrl
2.2751527217676233,-0.6787866503066022,-0.7847931370867304,inj-ctrl
2.2948133013615237,-0.6709281533808055,-0.8025058837757014,inj-ctrl
2.3144291166362856,-0.6629378533913686,-0.820209283072673,inj-ctrl
2.33404395479964,-0.654850076578231,-0.8378689400175822,inj-ctrl
2.3537140823382736,-0.6467099057840014,-0.8554418507627735,inj-ctrl
2.3735120458735386,-0.6385758521697212,-0.8728748108418866,inj-ctrl
2.393525719579896,-0.6305254872272208,-0.8900975832463167,inj-ctrl
2.4138638203825176,-0.6226578679273711,-0.9070228159936751,inj-ctrl
2.434598756965809,-0.6150514940009009,-0.9235805277712498,inj-ctrl
2.4557353648069173,-0.6077277699345809,-0.9397544524821064,inj-ctrl
2.477265231698533,-0.600702581765567,-0.9555374373426542,inj-ctrl
2.4991715605177114,-0.5939885989429378,-0.9709326217785782,inj-ctrl
2.5214267167065105,-0.5875929900792501,-0.9859586042765203,inj-ctrl
2.543988461274001,-0.5815144258027025,-1.0006560020427078,inj-ctrl
2.5667948770143085,-0.5757389931298327,-1.015096061319849,inj-ctrl
2.589780158381302,-0.5702456464279965,-1.029361413081869,inj-ctrl
2.612925859542724,-0.5650315765430952,-1.0434712701758484,inj-ctrl
2.6362184536067015,-0.5600900939079699,-1.057437016303379,inj-ctrl
2.659634513277196,-0.5553996639949144,-1.0712822721604571,inj-ctrl
2.683137785776925,-0.5509168283834892,-1.0850484856800424,inj-ctrl
2.7066817438253583,-0.5465796564159078,-1.0987918869941204,inj-ctrl
2.73024073715643,-0.5423581184104965,-1.1125456850623003,inj-ctrl
2.7537926689878494,-0.5382279315778102,-1.126339186480751,inj-ctrl
2.7773072352602646,-0.5341507112651254,-1.1402117373986822,inj-ctrl
2.8007502883341497,-0.5300790324365395,-1.1542067156647047,inj-ctrl
2.8241069202528677,-0.5259915080546709,-1.168340520295914,inj-ctrl
2.8473710142968622,-0.5218739200404978,-1.1826179138815849,inj-ctrl
2.870538118687505,-0.5177098734831077,-1.1970386194746323,inj-ctrl
2.8936045912184767,-0.5134881476555563,-1.2116031248128494,inj-ctrl
2.9165677236952865,-0.5092025472867211,-1.226311580232835,inj-ctrl
2.939427961356816,-0.5048483207780045,-1.2411595373279352,inj-ctrl
2.962187021406914,-0.5004235220751111,-1.2561414301415779,inj-ctrl
2.9848485703371552,-0.4959287821033646,-1.271249806007063,inj-ctrl
3.0074186729107657,-0.49136651226917233,-1.2864743776408551,inj-ctrl
3.0299023075754374,-0.48673954979646383,-1.301806999254197,inj-ctrl
3.0523053442140644,-0.4820518142307941,-1.3172388548376042,inj-ctrl
3.0746346082531315,-0.47730812772163844,-1.3327602173428064,inj-ctrl
3.096896240809448,-0.4725132127590752,-1.3483628893156632,inj-ctrl
3.1190967230135827,-0.4676722401438472,-1.3640382331786187,inj-ctrl
3.1412427761654933,-0.4627905548155736,-1.3797777625204906,inj-ctrl
3.163340483914,-0.45787337224148456,-1.3955741347452182,inj-ctrl
3.1853957059256226,-0.4529256853706333,-1.4114203252212634,inj-ctrl
3.207413993356331,-0.4479521938488996,-1.4273096683391147,inj-ctrl
3.229400865475938,-0.44295780868813706,-1.4432360843729204,inj-ctrl
3.2513611287319337,-0.4379471835200821,-1.4591938932606898,inj-ctrl
3.2732993795505547,-0.4329241339151615,-1.4751783983807754,inj-ctrl
3.295219102938213,-0.4278921977402151,-1.491184950016458,inj-ctrl
3.3171248990265947,-0.422855472173859,-1.5072093923287524,inj-ctrl
3.33902043656365,-0.4178178035188923,-1.523247704965239,inj-ctrl
3.36090854350774,-0.41278227186327837,-1.5392964557062598,inj-ctrl
3.3827919536737827,-0.4077512161416112,-1.555353119825468,inj-ctrl
3.404673215852088,-0.40272720689583885,-1.5714150539133511,inj-ctrl
3.4265553801961723,-0.39771365509746054,-1.587479278733166,inj-ctrl
3.4484408244925757,-0.3927136340749888,-1.6035430383729314,inj-ctrl
3.4703316507181183,-0.3877297642252608,-1.6196040617156189,inj-ctrl
3.492230124339338,-0.3827642475778772,-1.6356607121264852,inj-ctrl
3.514137838009016,-0.3778192053361997,-1.6517111750152684,inj-ctrl
3.536056648334375,-0.3728969989550314,-1.6677534562640117,inj-ctrl
3.5579887214130217,-0.3680003311815441,-1.6837854893387403,inj-ctrl
3.579936212995631,-0.36313230187105017,-1.699805004827689,inj-ctrl
3.601901709872041,-0.35829647133040704,-1.7158096678356143,inj-ctrl
3.623888022094694,-0.353497111826504,-1.731796713707291,inj-ctrl
3.6458982187341875,-0.34873903748088464,-1.747763079947185,inj-ctrl
3.6679341843668825,-0.34402487621893957,-1.7637069209600298,inj-ctrl
3.68999771135239,-0.33935693667067773,-1.7796265682099743,inj-ctrl
3.7120912824912944,-0.3347394685309512,-1.7955189633286024,inj-ctrl
3.734219415393303,-0.33017940896947096,-1.8113796460813645,inj-ctrl
3.7563898276080407,-0.32568817008181977,-1.8272016716206954,inj-ctrl
3.778610385137484,-0.3212796541307134,-1.842975933201518,inj-ctrl
3.800886526041649,-0.31696271080197214,-1.858696905410427,inj-ctrl
3.823224465748169,-0.31274846375471377,-1.8743571522125593,inj-ctrl
3.8456356417605972,-0.30865422959028305,-1.8899455563698027,inj-ctrl
3.868141264366756,-0.304716961095423,-1.9054376602442769,inj-ctrl
3.890765516932422,-0.3009796786040426,-1.9208055938167936,inj-ctrl
3.913529666339908,-0.2974815693443901,-1.9360225391375359,inj-ctrl
