run_id,pair_id,embryo_id,set_type,set_rank,genotype,bin_src_hpf,bin_tgt_hpf,bin_mid_hpf,PC1,PC2,PC3,PC4,PC5,PC6,PC7,PC8,PC9,PC10
phase2_24_48_ott_v1,20251112_D02_e01__24to26,20251112_D02_e01,heldout_wt,1,cep290_wildtype,24.0,26.0,25.0,-1395.4075,-280.20932,71.72631,2.2504761,-52.397434,32.16135,46.61106,1.2346951,-50.71756,35.39579
phase2_24_48_ott_v1,20251112_D02_e01__26to28,20251112_D02_e01,heldout_wt,1,cep290_wildtype,26.0,28.0,27.0,-1291.4177,-495.75436,103.83538,12.471523,-27.951525,29.934027,77.46358,24.129309,-61.385796,8.012901
phase2_24_48_ott_v1,20251112_D02_e01__28to30,20251112_D02_e01,heldout_wt,1,cep290_wildtype,28.0,30.0,29.0,-903.2936,-560.84686,94.03079,18.54346,3.0141478,39.713333,45.241776,20.521133,-38.708363,-20.637022
phase2_24_48_ott_v1,20251112_D02_e01__30to32,20251112_D02_e01,heldout_wt,1,cep290_wildtype,30.0,32.0,31.0,-12000.723,1017.84607,671.8671,1128.9354,-388.43716,405.33524,1089.3906,-175.67075,-344.87143,1103.042
phase2_24_48_ott_v1,20251112_D02_e01__32to34,20251112_D02_e01,heldout_wt,1,cep290_wildtype,32.0,34.0,33.0,8915.767,-2112.3914,207.9414,937.68005,-155.99095,263.33954,-511.95764,147.93759,303.8377,486.5692
phase2_24_48_ott_v1,20251112_D02_e01__34to36,20251112_D02_e01,heldout_wt,1,cep290_wildtype,34.0,36.0,35.0,630.8232,-1245.2545,182.71408,-47.340427,14.000207,-62.708668,-16.860983,94.03068,-22.746124,-7.1314254
phase2_24_48_ott_v1,20251112_D02_e01__36to38,20251112_D02_e01,heldout_wt,1,cep290_wildtype,36.0,38.0,37.0,-2992.5142,-474.88626,221.1608,9.017706,-81.49515,15.510834,54.486,-14.3192425,-94.27202,100.38688
phase2_24_48_ott_v1,20251112_D02_e01__38to40,20251112_D02_e01,heldout_wt,1,cep290_wildtype,38.0,40.0,39.0,57.455807,-780.1271,55.87992,-15.180789,28.121866,-4.4978094,-53.17091,62.95581,-1.3151389,18.36984
phase2_24_48_ott_v1,20251112_D02_e01__40to42,20251112_D02_e01,heldout_wt,1,cep290_wildtype,40.0,42.0,41.0,-1713.9823,-726.2691,223.5801,65.48458,13.399333,57.140427,50.77276,108.29386,-140.68,-11.852167
phase2_24_48_ott_v1,20251112_D02_e01__42to44,20251112_D02_e01,heldout_wt,1,cep290_wildtype,42.0,44.0,43.0,-1718.5398,-722.26807,158.05307,-11.720418,-68.69297,-0.19640455,41.758015,13.723507,24.678299,34.69437
phase2_24_48_ott_v1,20251112_D02_e01__44to46,20251112_D02_e01,heldout_wt,1,cep290_wildtype,44.0,46.0,45.0,1.9235163,-856.4628,76.53293,13.034996,67.8249,30.10391,-29.649502,76.43363,-83.015656,-85.33703
phase2_24_48_ott_v1,20251112_D02_e01__46to48,20251112_D02_e01,heldout_wt,1,cep290_wildtype,46.0,48.0,47.0,-151.99644,-646.1114,75.04158,-39.580364,24.217342,-7.817882,16.283312,47.79652,-12.227706,-56.69552
phase2_24_48_ott_v1,20251212_B06_e01__24to26,20251212_B06_e01,heldout_wt,2,cep290_wildtype,24.0,26.0,25.0,-2287.1196,-50.669052,129.31126,-9.395338,-55.370747,61.295807,107.98126,25.65527,-56.704517,3.8266497
phase2_24_48_ott_v1,20251212_B06_e01__26to28,20251212_B06_e01,heldout_wt,2,cep290_wildtype,26.0,28.0,27.0,271.06326,-1533.209,199.83525,12.051707,-25.386404,-7.36118,9.868612,52.695,-57.829567,79.250725
phase2_24_48_ott_v1,20251212_B06_e01__28to30,20251212_B06_e01,heldout_wt,2,cep290_wildtype,28.0,30.0,29.0,1089.3593,-698.2546,-44.43208,-155.75294,-20.937603,-66.659904,-36.810143,53.79537,66.49177,-99.56894
phase2_24_48_ott_v1,20251212_B06_e01__30to32,20251212_B06_e01,heldout_wt,2,cep290_wildtype,30.0,32.0,31.0,-840.5098,-1121.7648,181.68657,-9.156571,11.005277,12.633117,27.220892,106.22184,-99.6813,40.12014
phase2_24_48_ott_v1,20251212_B06_e01__32to34,20251212_B06_e01,heldout_wt,2,cep290_wildtype,32.0,34.0,33.0,-1165.1598,-1242.4285,308.58997,9.493257,-2.0842993,55.625027,63.772736,105.878044,-42.363125,54.721954
phase2_24_48_ott_v1,20251212_B06_e01__34to36,20251212_B06_e01,heldout_wt,2,cep290_wildtype,34.0,36.0,35.0,-1336.4779,-730.0513,128.52199,-64.22136,2.3219085,56.976646,-20.148664,90.4752,-55.168175,-31.780027
phase2_24_48_ott_v1,20251212_B06_e01__36to38,20251212_B06_e01,heldout_wt,2,cep290_wildtype,36.0,38.0,37.0,1455.9226,-499.91537,-84.928215,-70.6266,70.25841,-4.41299,-53.06995,20.036419,16.579004,-142.52559
phase2_24_48_ott_v1,20251212_B06_e01__38to40,20251212_B06_e01,heldout_wt,2,cep290_wildtype,38.0,40.0,39.0,-2843.7637,-783.19855,361.5234,163.9217,-69.27363,18.380766,-102.27013,27.954687,-42.017735,143.50534
phase2_24_48_ott_v1,20251212_B06_e01__40to42,20251212_B06_e01,heldout_wt,2,cep290_wildtype,40.0,42.0,41.0,-562.9732,-859.3545,121.85664,-80.12108,17.997284,-8.706036,7.455922,68.75827,-7.185463,-68.81956
phase2_24_48_ott_v1,20251212_B06_e01__42to44,20251212_B06_e01,heldout_wt,2,cep290_wildtype,42.0,44.0,43.0,-1485.2054,-942.7395,152.40321,-36.009037,58.44611,32.26635,-14.789524,70.01485,-124.62905,-166.96074
phase2_24_48_ott_v1,20251212_B06_e01__44to46,20251212_B06_e01,heldout_wt,2,cep290_wildtype,44.0,46.0,45.0,1108.6122,-572.8917,-98.07854,-230.98923,41.884735,-52.33015,-51.49478,-23.549479,117.28981,-28.013477
phase2_24_48_ott_v1,20251212_B06_e01__46to48,20251212_B06_e01,heldout_wt,2,cep290_wildtype,46.0,48.0,47.0,24048.94,7148.3696,-1016.34644,11858.73,-7690.9204,1792.2784,6146.711,-14353.823,8571.347,34482.79
phase2_24_48_ott_v1,20251205_G08_e01__24to26,20251205_G08_e01,heldout_wt,3,cep290_wildtype,24.0,26.0,25.0,-2852.612,625.59906,-21.493528,41.81476,-29.911406,38.00533,165.73558,36.502224,33.876827,-35.03118
phase2_24_48_ott_v1,20251205_G08_e01__26to28,20251205_G08_e01,heldout_wt,3,cep290_wildtype,26.0,28.0,27.0,686.67816,-1436.1497,133.02666,59.513737,36.4261,11.709396,-76.13258,89.02904,39.42757,50.621094
phase2_24_48_ott_v1,20251205_G08_e01__28to30,20251205_G08_e01,heldout_wt,3,cep290_wildtype,28.0,30.0,29.0,-167.23978,-877.70685,136.73062,86.78586,1.1366034,55.7377,16.099773,23.183838,-16.042625,25.847008
phase2_24_48_ott_v1,20251205_G08_e01__30to32,20251205_G08_e01,heldout_wt,3,cep290_wildtype,30.0,32.0,31.0,-1497.89,-361.6514,121.45514,-36.811172,-19.472456,27.398064,59.230457,7.954056,-26.926933,43.3722
phase2_24_48_ott_v1,20251205_G08_e01__32to34,20251205_G08_e01,heldout_wt,3,cep290_wildtype,32.0,34.0,33.0,-2532.9746,-1092.7528,364.36713,-49.199665,106.620476,110.06505,73.36704,53.5634,2.548927,8.366558
phase2_24_48_ott_v1,20251205_G08_e01__34to36,20251205_G08_e01,heldout_wt,3,cep290_wildtype,34.0,36.0,35.0,3326.9126,-151.79967,-339.4652,-182.45593,94.88418,-57.39346,-70.24422,-4.0671415,130.73508,-325.5117
phase2_24_48_ott_v1,20251205_G08_e01__36to38,20251205_G08_e01,heldout_wt,3,cep290_wildtype,36.0,38.0,37.0,-5030.506,-649.98645,363.90292,5.783543,-97.4572,-47.72127,78.65801,-46.385433,-244.04036,274.8856
phase2_24_48_ott_v1,20251205_G08_e01__38to40,20251205_G08_e01,heldout_wt,3,cep290_wildtype,38.0,40.0,39.0,2270.5186,-580.87054,-144.00777,29.146837,86.59024,-23.035526,17.90333,53.10758,71.33471,-115.25297
phase2_24_48_ott_v1,20251205_G08_e01__40to42,20251205_G08_e01,heldout_wt,3,cep290_wildtype,40.0,42.0,41.0,-1844.1257,-687.533,194.01007,-94.304726,9.108639,27.994926,68.51112,43.8896,-122.13697,-23.736025
phase2_24_48_ott_v1,20251205_G08_e01__42to44,20251205_G08_e01,heldout_wt,3,cep290_wildtype,42.0,44.0,43.0,-1267.4171,-860.9024,119.38643,-175.80829,-22.387583,5.938035,-22.477194,27.824793,14.472971,-14.203235
phase2_24_48_ott_v1,20251205_G08_e01__44to46,20251205_G08_e01,heldout_wt,3,cep290_wildtype,44.0,46.0,45.0,1936.1948,130.85907,-92.38706,34.360493,108.98932,-127.07526,0.23885658,42.01354,-67.2651,-124.637
phase2_24_48_ott_v1,20251205_G08_e01__46to48,20251205_G08_e01,heldout_wt,3,cep290_wildtype,46.0,48.0,47.0,24358.002,5938.85,-2130.9568,5513.03,-4508.621,-2125.9365,3194.4111,-2468.8154,4870.881,5019.048
phase2_24_48_ott_v1,20251112_H12_e01__24to26,20251112_H12_e01,mutant,1,cep290_homozygous,24.0,26.0,25.0,-320.73837,-852.32086,101.858734,-15.486743,65.10547,22.407635,-27.640905,44.740314,-21.859951,2.6423616
phase2_24_48_ott_v1,20251112_H12_e01__26to28,20251112_H12_e01,mutant,1,cep290_homozygous,26.0,28.0,27.0,-1061.9666,-776.6974,152.36,29.914211,27.512768,43.69055,51.778893,67.35595,-100.39022,18.386803
phase2_24_48_ott_v1,20251112_H12_e01__28to30,20251112_H12_e01,mutant,1,cep290_homozygous,28.0,30.0,29.0,-1082.6929,-757.4815,97.04453,-38.261204,-9.531603,48.4724,67.511086,30.96674,-79.20723,30.717701
phase2_24_48_ott_v1,20251112_H12_e01__30to32,20251112_H12_e01,mutant,1,cep290_homozygous,30.0,32.0,31.0,384.3164,-648.91754,-31.0296,-86.9712,33.940002,-28.511559,-22.980528,-8.298034,-4.9289074,-55.528873
phase2_24_48_ott_v1,20251112_H12_e01__32to34,20251112_H12_e01,mutant,1,cep290_homozygous,32.0,34.0,33.0,-921.63947,-645.86005,149.90268,7.734906,11.888404,6.6446004,37.19106,54.35382,-31.328386,8.054357
phase2_24_48_ott_v1,20251112_H12_e01__34to36,20251112_H12_e01,mutant,1,cep290_homozygous,34.0,36.0,35.0,-1523.267,-737.18365,238.22049,12.846402,-17.133656,17.291162,72.867836,42.61943,-51.602394,-15.285049
phase2_24_48_ott_v1,20251112_H12_e01__36to38,20251112_H12_e01,mutant,1,cep290_homozygous,36.0,38.0,37.0,913.9473,-720.044,-35.25009,-57.07884,-5.3582854,-40.47908,-40.60438,28.390089,0.9942207,-27.179636
phase2_24_48_ott_v1,20251112_H12_e01__38to40,20251112_H12_e01,mutant,1,cep290_homozygous,38.0,40.0,39.0,-307.33746,-641.6256,73.09571,-42.83873,-11.387689,-34.366413,17.326603,33.219414,6.06744,-32.04593
phase2_24_48_ott_v1,20251112_H12_e01__40to42,20251112_H12_e01,mutant,1,cep290_homozygous,40.0,42.0,41.0,729.79254,-686.367,-64.61998,-67.21686,-10.336038,-33.62892,-28.666126,-11.091714,28.283752,-89.44423
phase2_24_48_ott_v1,20251112_H12_e01__42to44,20251112_H12_e01,mutant,1,cep290_homozygous,42.0,44.0,43.0,-1622.6603,-772.7448,291.82156,45.4185,29.416338,32.350403,77.887924,77.18079,-79.03961,31.245653
phase2_24_48_ott_v1,20251112_H12_e01__44to46,20251112_H12_e01,mutant,1,cep290_homozygous,44.0,46.0,45.0,15492.786,2068.5742,-2717.2385,-2276.527,-554.85913,-972.55347,241.38295,-1107.8466,2122.686,-1654.4374
phase2_24_48_ott_v1,20251112_H12_e01__46to48,20251112_H12_e01,mutant,1,cep290_homozygous,46.0,48.0,47.0,-12292.853,8463.175,-299.9213,234.3636,1076.8467,-150.18079,-1352.5048,-212.42638,-771.3992,1370.2402
phase2_24_48_ott_v1,20251205_C01_e01__24to26,20251205_C01_e01,mutant,2,cep290_homozygous,24.0,26.0,25.0,-1841.5199,-53.705105,61.194653,40.319195,-17.750753,-37.724007,62.421833,60.656292,-102.4293,30.501398
phase2_24_48_ott_v1,20251205_C01_e01__26to28,20251205_C01_e01,mutant,2,cep290_homozygous,26.0,28.0,27.0,-592.3617,-700.5497,8.169985,-180.12115,55.21761,-62.535336,60.093082,-66.14132,25.504204,-26.547522
phase2_24_48_ott_v1,20251205_C01_e01__28to30,20251205_C01_e01,mutant,2,cep290_homozygous,28.0,30.0,29.0,-1364.5232,-593.77875,119.53547,75.77887,-31.733011,31.357777,45.83102,31.25076,-37.751835,87.767136
phase2_24_48_ott_v1,20251205_C01_e01__30to32,20251205_C01_e01,mutant,2,cep290_homozygous,30.0,32.0,31.0,-1499.2532,-635.1142,165.92276,97.67808,-21.444613,32.51434,72.079605,50.18344,-71.903694,53.777267
phase2_24_48_ott_v1,20251205_C01_e01__32to34,20251205_C01_e01,mutant,2,cep290_homozygous,32.0,34.0,33.0,124.4945,-803.1575,54.018707,-27.730839,16.251652,21.24798,-13.427723,54.173553,-7.009977,-27.941746
phase2_24_48_ott_v1,20251205_C01_e01__34to36,20251205_C01_e01,mutant,2,cep290_homozygous,34.0,36.0,35.0,-474.70007,-736.53735,84.28761,-11.234365,-41.145035,-17.861242,-0.18147357,9.90864,-1.8502167,-1.6542133
phase2_24_48_ott_v1,20251205_C01_e01__36to38,20251205_C01_e01,mutant,2,cep290_homozygous,36.0,38.0,37.0,120.63235,-744.6118,35.133736,-54.78423,-7.747139,0.80205566,-25.78211,18.549273,25.705881,-27.273
phase2_24_48_ott_v1,20251205_C01_e01__38to40,20251205_C01_e01,mutant,2,cep290_homozygous,38.0,40.0,39.0,-1679.9517,-502.56,237.5625,137.42705,-3.1794593,5.567554,3.5804152,23.62775,-130.27205,9.662699
phase2_24_48_ott_v1,20251205_C01_e01__40to42,20251205_C01_e01,mutant,2,cep290_homozygous,40.0,42.0,41.0,-173.83308,-757.82996,103.21955,-6.5088487,-1.104304,-8.331002,-6.0411625,50.965115,-5.855753,-19.448063
phase2_24_48_ott_v1,20251205_C01_e01__42to44,20251205_C01_e01,mutant,2,cep290_homozygous,42.0,44.0,43.0,-145.45457,-742.79663,71.30173,-40.42647,29.636932,11.572321,-4.753934,28.050104,6.9710746,-45.893078
phase2_24_48_ott_v1,20251205_C01_e01__44to46,20251205_C01_e01,mutant,2,cep290_homozygous,44.0,46.0,45.0,-556.7069,-745.5003,119.73688,-20.088167,0.49236983,1.1562704,23.097128,49.670837,-6.7985244,-8.659723
phase2_24_48_ott_v1,20251205_C01_e01__46to48,20251205_C01_e01,mutant,2,cep290_homozygous,46.0,48.0,47.0,-1030.0731,-689.9665,158.1966,-26.513327,59.265854,12.771724,20.057251,52.07947,-66.69087,-54.979866
phase2_24_48_ott_v1,20251112_C12_e01__24to26,20251112_C12_e01,mutant,3,cep290_homozygous,24.0,26.0,25.0,-400.043,-585.6318,56.208004,-38.314575,20.703644,-12.411989,6.0398674,10.954327,-35.933914,-6.460287
phase2_24_48_ott_v1,20251112_C12_e01__26to28,20251112_C12_e01,mutant,3,cep290_homozygous,26.0,28.0,27.0,-1208.5432,-591.79474,129.75229,35.847816,49.00478,9.961288,45.259136,46.26306,-59.988106,-19.51587
phase2_24_48_ott_v1,20251112_C12_e01__28to30,20251112_C12_e01,mutant,3,cep290_homozygous,28.0,30.0,29.0,-685.0032,-727.8603,73.215805,-26.888386,15.930213,26.339624,23.443596,4.163111,-19.396597,-47.99909
phase2_24_48_ott_v1,20251112_C12_e01__30to32,20251112_C12_e01,mutant,3,cep290_homozygous,30.0,32.0,31.0,-1198.808,-779.2188,155.33253,42.0292,-41.922184,53.201366,30.203146,17.430958,-32.06303,58.000107
phase2_24_48_ott_v1,20251112_C12_e01__32to34,20251112_C12_e01,mutant,3,cep290_homozygous,32.0,34.0,33.0,-208.89043,-626.5045,58.654152,-46.802364,3.5216274,-19.402727,0.8915969,32.561184,-5.2196336,-24.243433
phase2_24_48_ott_v1,20251112_C12_e01__34to36,20251112_C12_e01,mutant,3,cep290_homozygous,34.0,36.0,35.0,379.9156,-889.44275,109.20974,-34.237297,15.342529,-26.203245,8.309008,54.706955,44.470818,-81.38067
phase2_24_48_ott_v1,20251112_C12_e01__36to38,20251112_C12_e01,mutant,3,cep290_homozygous,36.0,38.0,37.0,-5.759291,-780.6347,15.620404,-101.509346,7.106753,-1.2104946,-21.231264,38.275127,25.689392,1.8120856
phase2_24_48_ott_v1,20251112_C12_e01__38to40,20251112_C12_e01,mutant,3,cep290_homozygous,38.0,40.0,39.0,-3523.9807,-744.05005,399.79218,-66.59792,-48.525387,117.88999,70.80282,84.39443,-139.68456,-71.08681
phase2_24_48_ott_v1,20251112_C12_e01__40to42,20251112_C12_e01,mutant,3,cep290_homozygous,40.0,42.0,41.0,-1596.8269,-828.49164,244.56868,95.31264,-16.380737,121.90073,38.452763,95.63415,-19.522663,-4.5082664
phase2_24_48_ott_v1,20251112_C12_e01__42to44,20251112_C12_e01,mutant,3,cep290_homozygous,42.0,44.0,43.0,27998.795,5451.4688,-17128.553,-12492.134,-5843.242,-28282.225,-25192.553,3239.6985,-14735.216,4848.7188
phase2_24_48_ott_v1,20251112_C12_e01__44to46,20251112_C12_e01,mutant,3,cep290_homozygous,44.0,46.0,45.0,-22156.23,26282.69,-2135.0571,-277.61108,873.30774,3777.727,1861.795,-25055.018,-18061.23,-11654.974
phase2_24_48_ott_v1,20251112_C12_e01__46to48,20251112_C12_e01,mutant,3,cep290_homozygous,46.0,48.0,47.0,35297.88,16959.652,45575.062,-15087.227,-1700.5895,-2914.7322,-2670.3103,1189.7216,-1321.0856,-1577.5624
phase2_24_48_ott_v1,20251112_B09_e01__24to26,20251112_B09_e01,mutant,4,cep290_homozygous,24.0,26.0,25.0,-277.21698,-655.361,100.506355,44.475925,-36.061466,2.008234,0.5406541,43.811413,24.68024,58.858704
phase2_24_48_ott_v1,20251112_B09_e01__26to28,20251112_B09_e01,mutant,4,cep290_homozygous,26.0,28.0,27.0,-798.3292,-751.2026,71.708916,-54.24016,-3.8602831,48.19035,23.711939,-47.22354,-97.1563,-39.882767
phase2_24_48_ott_v1,20251112_B09_e01__28to30,20251112_B09_e01,mutant,4,cep290_homozygous,28.0,30.0,29.0,-1145.2164,-540.653,137.18777,25.61858,-24.466965,44.657707,44.322414,54.24036,-41.52366,12.56844
phase2_24_48_ott_v1,20251112_B09_e01__30to32,20251112_B09_e01,mutant,4,cep290_homozygous,30.0,32.0,31.0,-977.6053,-620.1441,61.52398,-38.800987,-71.92821,-5.043254,-2.3546176,15.746971,-32.602287,79.029625
phase2_24_48_ott_v1,20251112_B09_e01__32to34,20251112_B09_e01,mutant,4,cep290_homozygous,32.0,34.0,33.0,100.7004,-671.42633,19.075352,-64.07284,4.646039,8.737915,-10.574982,30.103575,8.06842,-63.686005
phase2_24_48_ott_v1,20251112_B09_e01__34to36,20251112_B09_e01,mutant,4,cep290_homozygous,34.0,36.0,35.0,-2277.6074,-583.47815,333.41275,-22.141205,-3.8989735,116.87167,130.39108,-35.608727,-38.509132,-21.085424
phase2_24_48_ott_v1,20251112_B09_e01__36to38,20251112_B09_e01,mutant,4,cep290_homozygous,36.0,38.0,37.0,-1000.9924,-689.99286,180.87085,-7.473429,-9.209465,-22.36291,46.194916,38.410397,-33.934895,-10.021061
phase2_24_48_ott_v1,20251112_B09_e01__38to40,20251112_B09_e01,mutant,4,cep290_homozygous,38.0,40.0,39.0,-19.620129,-730.6121,52.456646,-77.34932,18.188374,-25.095282,-35.246548,30.875092,7.5882063,-52.262966
phase2_24_48_ott_v1,20251112_B09_e01__40to42,20251112_B09_e01,mutant,4,cep290_homozygous,40.0,42.0,41.0,-1249.5392,-751.83374,195.53447,-4.147732,41.5815,24.927807,-9.11447,83.639915,-29.61426,-60.04185
phase2_24_48_ott_v1,20251112_B09_e01__42to44,20251112_B09_e01,mutant,4,cep290_homozygous,42.0,44.0,43.0,62.322834,-692.3356,35.49073,-58.12368,15.167917,3.189822,-27.346483,27.910757,-5.692273,-47.86208
phase2_24_48_ott_v1,20251112_B09_e01__44to46,20251112_B09_e01,mutant,4,cep290_homozygous,44.0,46.0,45.0,29488.902,7851.7305,-13383.531,-15735.771,-15323.112,36555.86,-6936.0146,7173.311,-6965.4043,-1013.68854
phase2_24_48_ott_v1,20251112_B09_e01__46to48,20251112_B09_e01,mutant,4,cep290_homozygous,46.0,48.0,47.0,-18382.674,16650.68,-734.57446,1258.8151,1014.58636,-1432.0237,477.57657,-4514.6074,-1243.4387,2749.6895
phase2_24_48_ott_v1,20251205_C09_e01__24to26,20251205_C09_e01,mutant,5,cep290_homozygous,24.0,26.0,25.0,-603.20514,-294.59848,5.344369,-127.9874,4.957237,34.48174,10.751001,-7.6387243,-20.270262,-82.27379
phase2_24_48_ott_v1,20251205_C09_e01__26to28,20251205_C09_e01,mutant,5,cep290_homozygous,26.0,28.0,27.0,53.346016,-775.4227,30.9238,-16.305683,85.07594,-41.90829,-10.218351,33.66472,62.323544,-14.213936
phase2_24_48_ott_v1,20251205_C09_e01__28to30,20251205_C09_e01,mutant,5,cep290_homozygous,28.0,30.0,29.0,-1799.2323,-371.46927,180.54733,118.7969,-46.80287,59.596798,98.25698,21.077923,-121.597786,72.5687
phase2_24_48_ott_v1,20251205_C09_e01__30to32,20251205_C09_e01,mutant,5,cep290_homozygous,30.0,32.0,31.0,345.1444,-747.2352,14.130618,-0.5325468,-2.400944,-51.940468,5.7596936,13.040415,25.780949,-20.312595
phase2_24_48_ott_v1,20251205_C09_e01__32to34,20251205_C09_e01,mutant,5,cep290_homozygous,32.0,34.0,33.0,-379.47354,-695.33826,81.46123,-54.306,19.15876,11.308299,25.225306,22.733297,-46.93326,-79.50183
phase2_24_48_ott_v1,20251205_C09_e01__34to36,20251205_C09_e01,mutant,5,cep290_homozygous,34.0,36.0,35.0,-2182.5745,-659.3711,245.65672,131.47386,25.326962,-4.0364456,30.56362,46.566742,-86.914375,101.764854
phase2_24_48_ott_v1,20251205_C09_e01__36to38,20251205_C09_e01,mutant,5,cep290_homozygous,36.0,38.0,37.0,-677.65015,-745.21094,93.03148,-17.304207,-14.213415,-0.9550629,-34.606365,19.70277,-49.140224,11.8381815
phase2_24_48_ott_v1,20251205_C09_e01__38to40,20251205_C09_e01,mutant,5,cep290_homozygous,38.0,40.0,39.0,-1605.5476,-692.08154,211.34352,21.224955,-3.253912,73.8707,52.896427,40.16579,-60.23339,11.266495
phase2_24_48_ott_v1,20251205_C09_e01__40to42,20251205_C09_e01,mutant,5,cep290_homozygous,40.0,42.0,41.0,-898.60913,-869.18585,163.9005,47.683704,-38.76682,20.913221,44.23515,24.877304,-47.440506,69.79912
phase2_24_48_ott_v1,20251205_C09_e01__42to44,20251205_C09_e01,mutant,5,cep290_homozygous,42.0,44.0,43.0,-1234.978,-655.8878,144.38484,-32.32625,-14.763813,40.223217,9.209905,37.456226,13.282433,-41.562027
phase2_24_48_ott_v1,20251205_C09_e01__44to46,20251205_C09_e01,mutant,5,cep290_homozygous,44.0,46.0,45.0,-2355.7087,-763.23663,357.92383,135.17963,-0.39016858,33.433815,61.782806,76.93654,-96.11315,-49.260902
phase2_24_48_ott_v1,20251205_C09_e01__46to48,20251205_C09_e01,mutant,5,cep290_homozygous,46.0,48.0,47.0,6101.5195,-457.14056,-617.68365,-654.44763,189.94785,-16.073895,-130.30934,-185.1936,300.29562,-432.54355
phase2_24_48_ott_v1,20251112_G09_e01__24to26,20251112_G09_e01,mutant,6,cep290_homozygous,24.0,26.0,25.0,-977.62354,-518.64514,79.384766,-10.613257,-20.485704,40.60859,56.605392,5.957724,-30.156498,19.64791
phase2_24_48_ott_v1,20251112_G09_e01__26to28,20251112_G09_e01,mutant,6,cep290_homozygous,26.0,28.0,27.0,-286.72324,-786.305,115.16853,13.5253725,32.63506,20.637388,0.6544534,50.159203,-39.345036,4.333422
phase2_24_48_ott_v1,20251112_G09_e01__28to30,20251112_G09_e01,mutant,6,cep290_homozygous,28.0,30.0,29.0,681.525,-733.12854,-28.064386,-102.97929,0.29543588,-43.21975,-52.29528,28.294313,41.10748,-72.86715
phase2_24_48_ott_v1,20251112_G09_e01__30to32,20251112_G09_e01,mutant,6,cep290_homozygous,30.0,32.0,31.0,-188.93037,-761.26874,70.55524,-28.189135,23.261616,4.8281007,-20.560352,34.086994,-8.538159,-17.138203
phase2_24_48_ott_v1,20251112_G09_e01__32to34,20251112_G09_e01,mutant,6,cep290_homozygous,32.0,34.0,33.0,-3657.323,-707.4269,477.0659,283.30615,-140.86864,4.9963794,227.27466,9.639848,-52.12666,121.50738
phase2_24_48_ott_v1,20251112_G09_e01__34to36,20251112_G09_e01,mutant,6,cep290_homozygous,34.0,36.0,35.0,-1416.2463,-719.9403,103.56092,-28.718958,12.510157,56.38791,40.625645,14.606514,-104.329765,30.0063
phase2_24_48_ott_v1,20251112_G09_e01__36to38,20251112_G09_e01,mutant,6,cep290_homozygous,36.0,38.0,37.0,-243.15433,-522.2873,-8.755631,-99.77441,-3.926795,1.8025422,-1.7505466,45.57078,27.208252,-36.35529
phase2_24_48_ott_v1,20251112_G09_e01__38to40,20251112_G09_e01,mutant,6,cep290_homozygous,38.0,40.0,39.0,673.4754,-680.7047,-57.78513,-136.64494,43.00027,-48.59121,-37.41551,13.384038,20.225399,-81.81829
phase2_24_48_ott_v1,20251112_G09_e01__40to42,20251112_G09_e01,mutant,6,cep290_homozygous,40.0,42.0,41.0,-855.2517,-885.85004,191.16093,-84.671906,-4.7848554,37.365856,24.8612,59.53486,-4.893074,-11.361966
phase2_24_48_ott_v1,20251112_G09_e01__42to44,20251112_G09_e01,mutant,6,cep290_homozygous,42.0,44.0,43.0,279.61575,-694.5848,6.7213564,-108.4072,-8.88547,-10.755767,-29.306026,23.146732,-2.7055683,-29.177338
phase2_24_48_ott_v1,20251112_G09_e01__44to46,20251112_G09_e01,mutant,6,cep290_homozygous,44.0,46.0,45.0,693.56854,-721.06195,-56.287144,1.1559952,23.406626,-36.51238,-22.124273,16.420708,48.05539,-78.751305
phase2_24_48_ott_v1,20251112_G09_e01__46to48,20251112_G09_e01,mutant,6,cep290_homozygous,46.0,48.0,47.0,16779.434,2496.9065,-3738.6426,-707.75275,-107.56135,-700.60675,848.83545,-452.13284,1864.2604,-805.76086
phase2_24_48_ott_v1,20251112_F11_e01__24to26,20251112_F11_e01,mutant,7,cep290_homozygous,24.0,26.0,25.0,-479.43747,-517.53986,60.882153,-53.386875,29.79571,6.672842,26.318136,50.238785,-4.340335,-41.013035
phase2_24_48_ott_v1,20251112_F11_e01__26to28,20251112_F11_e01,mutant,7,cep290_homozygous,26.0,28.0,27.0,5294.0815,-4617.599,624.883,-38.904243,238.32132,-65.00598,-44.65654,224.14502,246.89912,-116.18326
phase2_24_48_ott_v1,20251112_F11_e01__28to30,20251112_F11_e01,mutant,7,cep290_homozygous,28.0,30.0,29.0,-6759.566,-544.711,428.14517,-298.8559,116.53054,53.6145,103.939026,135.81592,-218.50414,-357.78345
phase2_24_48_ott_v1,20251112_F11_e01__30to32,20251112_F11_e01,mutant,7,cep290_homozygous,30.0,32.0,31.0,-406.8825,-769.64404,34.55499,-5.758557,8.143446,7.289408,-8.100241,0.12005014,-84.698235,18.975943
phase2_24_48_ott_v1,20251112_F11_e01__32to34,20251112_F11_e01,mutant,7,cep290_homozygous,32.0,34.0,33.0,-1557.7303,-857.88,279.46173,113.78176,-51.382126,100.91978,70.58765,37.98051,-80.62637,100.9113
phase2_24_48_ott_v1,20251112_F11_e01__34to36,20251112_F11_e01,mutant,7,cep290_homozygous,34.0,36.0,35.0,-1125.0278,-716.47546,163.51833,22.9649,-62.343884,34.915886,36.631016,42.1717,-1.9513358,21.611254
phase2_24_48_ott_v1,20251112_F11_e01__36to38,20251112_F11_e01,mutant,7,cep290_homozygous,36.0,38.0,37.0,1.779351,-836.4718,68.414604,-86.3149,29.317995,-23.772787,-33.55883,36.561184,39.78586,-12.379211
phase2_24_48_ott_v1,20251112_F11_e01__38to40,20251112_F11_e01,mutant,7,cep290_homozygous,38.0,40.0,39.0,-2791.549,-829.8458,343.3537,-127.51456,-21.73431,157.53458,74.58779,135.6374,-51.584892,-113.00391
phase2_24_48_ott_v1,20251112_F11_e01__40to42,20251112_F11_e01,mutant,7,cep290_homozygous,40.0,42.0,41.0,1305.3046,-615.7244,-76.76961,-130.69304,85.36516,-68.43447,-64.22792,-21.365683,58.483166,-93.11725
phase2_24_48_ott_v1,20251112_F11_e01__42to44,20251112_F11_e01,mutant,7,cep290_homozygous,42.0,44.0,43.0,-960.5641,-769.5382,183.09045,21.640505,27.484072,26.977987,19.622364,37.366577,-18.256586,-2.5988488
phase2_24_48_ott_v1,20251112_F11_e01__44to46,20251112_F11_e01,mutant,7,cep290_homozygous,44.0,46.0,45.0,-923.42084,-900.32196,194.36923,27.806082,32.64109,-2.4899309,31.133337,103.154945,9.695722,-37.110146
phase2_24_48_ott_v1,20251112_F11_e01__46to48,20251112_F11_e01,mutant,7,cep290_homozygous,46.0,48.0,47.0,-46.43667,-474.10718,48.699955,-32.711277,25.268614,-27.495497,10.604902,21.589167,-6.21034,-32.549683
phase2_24_48_ott_v1,20251205_F01_e01__24to26,20251205_F01_e01,mutant,8,cep290_homozygous,24.0,26.0,25.0,-1247.759,-369.20804,101.14327,7.872299,33.36322,18.932417,71.900566,1.4921507,-37.640053,-83.02591
phase2_24_48_ott_v1,20251205_F01_e01__26to28,20251205_F01_e01,mutant,8,cep290_homozygous,26.0,28.0,27.0,-622.5745,-851.73315,80.909676,-66.455696,71.000626,48.10643,73.11662,26.002022,-44.47322,-73.11778
phase2_24_48_ott_v1,20251205_F01_e01__28to30,20251205_F01_e01,mutant,8,cep290_homozygous,28.0,30.0,29.0,-1009.44653,-653.29846,101.38546,76.48507,-35.410088,15.73448,17.070364,-23.494654,-13.418455,89.398125
phase2_24_48_ott_v1,20251205_F01_e01__30to32,20251205_F01_e01,mutant,8,cep290_homozygous,30.0,32.0,31.0,-287.7183,-947.18744,162.38942,130.55896,19.002209,61.17778,-7.126393,48.256584,14.6512575,15.1908245
phase2_24_48_ott_v1,20251205_F01_e01__32to34,20251205_F01_e01,mutant,8,cep290_homozygous,32.0,34.0,33.0,-83.776375,-731.4539,86.8369,-41.36476,36.633556,-35.595375,-10.21534,40.391464,-28.37778,0.70941436
phase2_24_48_ott_v1,20251205_F01_e01__34to36,20251205_F01_e01,mutant,8,cep290_homozygous,34.0,36.0,35.0,-1088.7631,-812.38727,165.02676,55.71894,-45.455868,34.546436,32.489452,43.01247,-60.932842,59.31288
phase2_24_48_ott_v1,20251205_F01_e01__36to38,20251205_F01_e01,mutant,8,cep290_homozygous,36.0,38.0,37.0,-645.67096,-726.49854,62.090836,-8.276324,-40.714546,-2.5391726,10.539365,-17.987843,-17.179375,66.26048
phase2_24_48_ott_v1,20251205_F01_e01__38to40,20251205_F01_e01,mutant,8,cep290_homozygous,38.0,40.0,39.0,1942.3083,-555.5481,-107.371765,-99.41211,24.618095,-31.585014,-27.791727,88.76551,89.36947,-40.18254
phase2_24_48_ott_v1,20251205_F01_e01__40to42,20251205_F01_e01,mutant,8,cep290_homozygous,40.0,42.0,41.0,-280.05847,-674.19617,80.57076,12.755548,-0.79520816,-30.111677,29.592737,34.05495,20.007114,-23.339016
phase2_24_48_ott_v1,20251205_F01_e01__42to44,20251205_F01_e01,mutant,8,cep290_homozygous,42.0,44.0,43.0,-1042.2954,-729.2422,130.31195,-45.591526,16.458609,-11.294682,-17.602362,35.030487,-17.5718,-34.26677
phase2_24_48_ott_v1,20251205_F01_e01__44to46,20251205_F01_e01,mutant,8,cep290_homozygous,44.0,46.0,45.0,-1297.7068,-763.6741,164.81981,-32.49402,44.482883,19.50948,27.072243,31.782742,-52.74826,-2.7238946
phase2_24_48_ott_v1,20251205_F01_e01__46to48,20251205_F01_e01,mutant,8,cep290_homozygous,46.0,48.0,47.0,123.56778,-654.03754,75.451324,10.18351,6.810544,-4.271696,25.89635,56.853172,-1.5350822,-44.823994
phase2_24_48_ott_v1,20251112_H08_e01__24to26,20251112_H08_e01,mutant,9,cep290_homozygous,24.0,26.0,25.0,-706.1285,-646.88116,103.97234,10.341971,45.034664,9.428122,45.999233,49.39311,-41.714043,-17.3239
phase2_24_48_ott_v1,20251112_H08_e01__26to28,20251112_H08_e01,mutant,9,cep290_homozygous,26.0,28.0,27.0,-237.74562,-689.6243,43.321396,-22.149874,-11.168436,-14.170147,20.5557,12.054888,32.698338,1.787981
phase2_24_48_ott_v1,20251112_H08_e01__28to30,20251112_H08_e01,mutant,9,cep290_homozygous,28.0,30.0,29.0,-1046.8864,-580.79474,61.856903,-14.391381,-13.3903475,33.98858,26.898272,24.669569,-16.6123,-0.9344107
phase2_24_48_ott_v1,20251112_H08_e01__30to32,20251112_H08_e01,mutant,9,cep290_homozygous,30.0,32.0,31.0,-1089.8618,-627.82886,45.79411,7.774122,-57.926067,35.156498,-30.556925,-40.57414,-48.908226,34.12787
phase2_24_48_ott_v1,20251112_H08_e01__32to34,20251112_H08_e01,mutant,9,cep290_homozygous,32.0,34.0,33.0,-3490.6345,-587.9308,372.40796,183.05875,-10.392232,-9.683752,129.07463,55.76615,-185.94705,-9.782317
phase2_24_48_ott_v1,20251112_H08_e01__34to36,20251112_H08_e01,mutant,9,cep290_homozygous,34.0,36.0,35.0,-506.9771,-847.25507,99.87281,7.778848,37.6084,-7.001638,-10.035736,18.283438,-51.93263,-8.453118
phase2_24_48_ott_v1,20251112_H08_e01__36to38,20251112_H08_e01,mutant,9,cep290_homozygous,36.0,38.0,37.0,-1186.8542,-718.21295,175.42204,47.199818,-26.940979,36.95675,17.402065,53.77335,-58.501945,52.755146
phase2_24_48_ott_v1,20251112_H08_e01__38to40,20251112_H08_e01,mutant,9,cep290_homozygous,38.0,40.0,39.0,1215.5599,-696.5067,-122.6053,-185.4301,65.83297,-28.997057,-77.32921,8.426274,4.7555785,-79.91729
phase2_24_48_ott_v1,20251112_H08_e01__40to42,20251112_H08_e01,mutant,9,cep290_homozygous,40.0,42.0,41.0,170.11906,-869.2748,47.641872,-76.77212,-31.336954,-11.88582,-17.964485,25.844627,7.7780848,6.862689
phase2_24_48_ott_v1,20251112_H08_e01__42to44,20251112_H08_e01,mutant,9,cep290_homozygous,42.0,44.0,43.0,903.7769,-660.89996,-107.67074,-82.25715,28.399403,-25.619387,24.199728,-3.1730015,65.07787,-53.61238
phase2_24_48_ott_v1,20251112_H08_e01__44to46,20251112_H08_e01,mutant,9,cep290_homozygous,44.0,46.0,45.0,-1879.6945,-668.5893,238.10495,90.009995,8.870456,-12.809975,60.0498,67.30734,-76.12078,43.979755
phase2_24_48_ott_v1,20251112_H08_e01__46to48,20251112_H08_e01,mutant,9,cep290_homozygous,46.0,48.0,47.0,-404.22327,-708.6659,122.45867,-18.201468,8.3603115,-3.0836565,19.3067,36.909996,6.6978803,-4.936006
phase2_24_48_ott_v1,20251205_A04_e01__24to26,20251205_A04_e01,mutant,10,cep290_homozygous,24.0,26.0,25.0,1978.1206,-1791.0588,236.16656,24.366945,46.868217,-68.32137,-182.35175,-7.287257,-53.025414,-45.878643
phase2_24_48_ott_v1,20251205_A04_e01__26to28,20251205_A04_e01,mutant,10,cep290_homozygous,26.0,28.0,27.0,-1284.5814,-620.4185,147.67796,75.53667,-27.581043,26.808367,69.53596,0.35774484,-54.64548,85.79817
phase2_24_48_ott_v1,20251205_A04_e01__28to30,20251205_A04_e01,mutant,10,cep290_homozygous,28.0,30.0,29.0,-2077.7852,-415.56787,93.16525,19.566305,-22.168259,93.70932,35.773575,28.620756,-122.44602,65.33902
phase2_24_48_ott_v1,20251205_A04_e01__30to32,20251205_A04_e01,mutant,10,cep290_homozygous,30.0,32.0,31.0,1.1941388,-838.83655,47.888718,-26.265228,46.292152,-21.927788,-53.691994,3.9169128,-33.18877,59.8857
phase2_24_48_ott_v1,20251205_A04_e01__32to34,20251205_A04_e01,mutant,10,cep290_homozygous,32.0,34.0,33.0,-1290.9678,-661.23175,169.95786,21.390417,37.269913,23.315218,30.24633,84.625435,-53.525513,-26.062254
phase2_24_48_ott_v1,20251205_A04_e01__34to36,20251205_A04_e01,mutant,10,cep290_homozygous,34.0,36.0,35.0,-1896.7837,-756.44696,259.96927,10.205073,-14.091559,11.252842,32.032272,55.396507,-93.351326,-23.10695
phase2_24_48_ott_v1,20251205_A04_e01__36to38,20251205_A04_e01,mutant,10,cep290_homozygous,36.0,38.0,37.0,-1319.0145,-914.13007,195.82814,16.946913,30.783104,-27.630642,8.592478,14.916933,-44.348263,55.844185
phase2_24_48_ott_v1,20251205_A04_e01__38to40,20251205_A04_e01,mutant,10,cep290_homozygous,38.0,40.0,39.0,-37.60373,-729.3252,95.350395,-26.005775,58.565506,20.450058,7.2523103,49.15748,-24.97704,-32.73709
phase2_24_48_ott_v1,20251205_A04_e01__40to42,20251205_A04_e01,mutant,10,cep290_homozygous,40.0,42.0,41.0,788.39545,-246.24165,-116.466446,-89.66258,86.41638,-41.488655,9.826993,60.937237,-26.122026,-52.39082
phase2_24_48_ott_v1,20251205_A04_e01__42to44,20251205_A04_e01,mutant,10,cep290_homozygous,42.0,44.0,43.0,-1810.1917,-1233.1052,251.61203,-79.57254,60.956028,-43.730072,-32.472515,36.310787,-4.2661,45.229168
phase2_24_48_ott_v1,20251205_A04_e01__44to46,20251205_A04_e01,mutant,10,cep290_homozygous,44.0,46.0,45.0,28930.201,7508.7485,3442.251,35573.87,19850.521,9567.42,-21266.652,3314.3987,-3583.1506,-6601.124
phase2_24_48_ott_v1,20251205_A04_e01__46to48,20251205_A04_e01,mutant,10,cep290_homozygous,46.0,48.0,47.0,-20654.412,25913.16,-3272.4934,125.56789,-210.28499,-2330.431,-1630.8562,28297.998,16694.836,-23.209997
phase2_24_48_ott_v1,20251112_A10_e01__24to26,20251112_A10_e01,mutant,11,cep290_homozygous,24.0,26.0,25.0,-85.44261,-736.3524,62.799816,-44.999973,-12.957091,-5.2111783,-20.32754,32.97025,34.95302,2.5761294
phase2_24_48_ott_v1,20251112_A10_e01__26to28,20251112_A10_e01,mutant,11,cep290_homozygous,26.0,28.0,27.0,-906.779,-704.06287,143.10008,22.976208,-40.224712,16.776064,35.698044,43.633183,-54.18751,-10.02999
phase2_24_48_ott_v1,20251112_A10_e01__28to30,20251112_A10_e01,mutant,11,cep290_homozygous,28.0,30.0,29.0,-1122.2369,-584.1238,78.30617,-44.613125,-64.379425,-15.507765,38.424488,-25.066303,-54.03277,-11.281874
phase2_24_48_ott_v1,20251112_A10_e01__30to32,20251112_A10_e01,mutant,11,cep290_homozygous,30.0,32.0,31.0,-1330.7133,-673.42316,138.52884,8.213674,-8.85968,-7.3033147,14.864781,21.210331,-7.5081005,5.351308
phase2_24_48_ott_v1,20251112_A10_e01__32to34,20251112_A10_e01,mutant,11,cep290_homozygous,32.0,34.0,33.0,707.62366,-716.90234,-50.479973,-132.60045,-9.146072,5.1120687,-46.5373,35.14696,38.05257,-32.05289
phase2_24_48_ott_v1,20251112_A10_e01__34to36,20251112_A10_e01,mutant,11,cep290_homozygous,34.0,36.0,35.0,-3440.226,-1019.3981,293.38724,-171.86739,-57.239674,93.47653,45.472977,109.22033,-108.04165,130.84277
phase2_24_48_ott_v1,20251112_A10_e01__36to38,20251112_A10_e01,mutant,11,cep290_homozygous,36.0,38.0,37.0,-675.19495,-767.59845,113.91958,-114.22717,22.865927,-9.9375305,28.085253,86.42667,-5.1476817,-66.82305
phase2_24_48_ott_v1,20251112_A10_e01__38to40,20251112_A10_e01,mutant,11,cep290_homozygous,38.0,40.0,39.0,-970.1042,-803.576,113.19404,-120.04675,53.178303,7.8780193,45.007324,60.68449,-40.81444,-56.62968
phase2_24_48_ott_v1,20251112_A10_e01__40to42,20251112_A10_e01,mutant,11,cep290_homozygous,40.0,42.0,41.0,-890.063,-744.67804,87.82037,-148.07793,85.96984,-29.697247,-44.92888,66.82266,-4.433757,-63.9312
phase2_24_48_ott_v1,20251112_A10_e01__42to44,20251112_A10_e01,mutant,11,cep290_homozygous,42.0,44.0,43.0,-894.4325,-651.0329,62.073547,-100.52663,44.499763,-9.15187,6.800381,70.25378,-34.627163,-72.06922
phase2_24_48_ott_v1,20251112_A10_e01__44to46,20251112_A10_e01,mutant,11,cep290_homozygous,44.0,46.0,45.0,-223.63432,-770.6657,69.11186,-54.407528,48.803703,-33.457226,13.562125,65.24198,-17.947983,-90.07005
phase2_24_48_ott_v1,20251112_A10_e01__46to48,20251112_A10_e01,mutant,11,cep290_homozygous,46.0,48.0,47.0,509.837,-655.5394,113.2275,30.570986,24.237158,-3.9795094,17.748205,21.092793,1.8949387,-11.99568
phase2_24_48_ott_v1,20251205_G02_e01__24to26,20251205_G02_e01,mutant,12,cep290_homozygous,24.0,26.0,25.0,-3175.4143,590.86707,132.44403,-32.668293,-49.621937,124.17627,156.23456,14.966712,-91.39212,-22.630375
phase2_24_48_ott_v1,20251205_G02_e01__26to28,20251205_G02_e01,mutant,12,cep290_homozygous,26.0,28.0,27.0,2597.8245,-1320.686,7.437161,-306.15344,29.393791,-67.701256,-112.994514,60.779514,171.70685,-139.35971
phase2_24_48_ott_v1,20251205_G02_e01__28to30,20251205_G02_e01,mutant,12,cep290_homozygous,28.0,30.0,29.0,-1126.6348,-842.77686,237.6646,211.65608,-23.131834,84.63816,129.10359,75.8544,-107.255295,90.54736
phase2_24_48_ott_v1,20251205_G02_e01__30to32,20251205_G02_e01,mutant,12,cep290_homozygous,30.0,32.0,31.0,-1791.1837,-505.5221,113.2644,-25.727076,47.052235,74.7139,61.049904,-10.968364,-59.103672,61.899204
phase2_24_48_ott_v1,20251205_G02_e01__32to34,20251205_G02_e01,mutant,12,cep290_homozygous,32.0,34.0,33.0,-1838.6165,-484.0097,207.46739,-17.925644,-63.251945,41.462994,31.750477,42.901073,-0.5755365,-14.1642475
phase2_24_48_ott_v1,20251205_G02_e01__34to36,20251205_G02_e01,mutant,12,cep290_homozygous,34.0,36.0,35.0,2043.9873,-991.5306,0.30739298,-40.38462,111.83848,-29.46901,-90.8892,-51.4575,67.89063,-22.323605
phase2_24_48_ott_v1,20251205_G02_e01__36to38,20251205_G02_e01,mutant,12,cep290_homozygous,36.0,38.0,37.0,-1346.0214,-551.6218,228.15968,-74.65038,-3.970179,57.513237,47.533775,79.667656,-65.25031,-41.10163
phase2_24_48_ott_v1,20251205_G02_e01__38to40,20251205_G02_e01,mutant,12,cep290_homozygous,38.0,40.0,39.0,-2097.3599,-546.68005,218.25748,27.188454,-34.94756,30.609856,114.30478,120.054504,7.2719774,1.99204
phase2_24_48_ott_v1,20251205_G02_e01__40to42,20251205_G02_e01,mutant,12,cep290_homozygous,40.0,42.0,41.0,-798.0374,-633.34503,116.89168,-85.1959,11.153313,17.599834,17.640753,53.24889,16.681099,-39.351
phase2_24_48_ott_v1,20251205_G02_e01__42to44,20251205_G02_e01,mutant,12,cep290_homozygous,42.0,44.0,43.0,-445.83405,-871.3574,171.76653,-11.308362,-1.6884267,-10.419845,19.046797,89.613976,-39.99667,-62.888985
phase2_24_48_ott_v1,20251205_G02_e01__44to46,20251205_G02_e01,mutant,12,cep290_homozygous,44.0,46.0,45.0,-1309.539,-561.00867,165.483,-50.023174,-15.303193,23.998293,41.922123,99.01304,-42.874092,-18.07777
phase2_24_48_ott_v1,20251205_G02_e01__46to48,20251205_G02_e01,mutant,12,cep290_homozygous,46.0,48.0,47.0,524.8428,-656.27,17.49999,-87.67937,16.264393,-23.561152,4.372572,41.041348,3.6834874,-76.49879
phase2_24_48_ott_v1,20251212_A08_e01__24to26,20251212_A08_e01,mutant,13,cep290_homozygous,24.0,26.0,25.0,-821.7226,-971.4555,219.72447,78.43412,46.568672,97.58929,37.57967,75.201996,-58.30768,17.792421
phase2_24_48_ott_v1,20251212_A08_e01__26to28,20251212_A08_e01,mutant,13,cep290_homozygous,26.0,28.0,27.0,-286.79938,-759.4373,55.429813,-2.1723032,-38.425472,5.513135,0.919797,-11.248516,20.670855,5.2592144
phase2_24_48_ott_v1,20251212_A08_e01__28to30,20251212_A08_e01,mutant,13,cep290_homozygous,28.0,30.0,29.0,0.36489248,-716.7265,-9.751616,-158.82971,54.107952,-13.845112,-48.221104,8.086839,-5.7200437,-21.54322
phase2_24_48_ott_v1,20251212_A08_e01__30to32,20251212_A08_e01,mutant,13,cep290_homozygous,30.0,32.0,31.0,-2079.293,-567.1074,183.56242,-144.3977,-5.8257723,89.49004,66.2136,80.6175,-67.895874,-138.0918
phase2_24_48_ott_v1,20251212_A08_e01__32to34,20251212_A08_e01,mutant,13,cep290_homozygous,32.0,34.0,33.0,1019.7144,-696.1391,-24.228619,-108.9211,15.67952,-64.976456,-39.223274,-30.500767,-4.072977,-21.51328
phase2_24_48_ott_v1,20251212_A08_e01__34to36,20251212_A08_e01,mutant,13,cep290_homozygous,34.0,36.0,35.0,-3145.4163,-573.345,482.45728,-46.390728,-105.09256,-31.212626,194.60078,140.48044,-23.05948,-21.044983
phase2_24_48_ott_v1,20251212_A08_e01__36to38,20251212_A08_e01,mutant,13,cep290_homozygous,36.0,38.0,37.0,29.952156,-779.48486,73.5476,-84.28356,60.470066,16.583176,-44.470688,54.958225,-27.253643,-97.88409
phase2_24_48_ott_v1,20251212_A08_e01__38to40,20251212_A08_e01,mutant,13,cep290_homozygous,38.0,40.0,39.0,-377.24115,-812.151,101.90451,-53.388054,53.584663,-6.420455,-15.101002,51.12521,0.5762398,-93.860245
phase2_24_48_ott_v1,20251212_A08_e01__40to42,20251212_A08_e01,mutant,13,cep290_homozygous,40.0,42.0,41.0,1913.0858,-566.5835,-131.70645,41.205738,12.446385,-88.94546,-41.812084,-20.014374,97.64189,4.8549705
phase2_24_48_ott_v1,20251212_A08_e01__42to44,20251212_A08_e01,mutant,13,cep290_homozygous,42.0,44.0,43.0,2150.4382,201.70116,-233.23677,167.1344,-31.77396,-62.39239,125.8897,-75.19807,-48.775097,-1.3883266
phase2_24_48_ott_v1,20251212_A08_e01__44to46,20251212_A08_e01,mutant,13,cep290_homozygous,44.0,46.0,45.0,-1430.2346,-777.55286,166.98152,-9.452486,27.132471,-11.824537,28.943336,84.46943,-61.8378,-15.883416
phase2_24_48_ott_v1,20251212_A08_e01__46to48,20251212_A08_e01,mutant,13,cep290_homozygous,46.0,48.0,47.0,609.452,-625.2874,33.08067,-41.6254,33.007355,-9.137408,-6.7177157,36.29205,11.538383,-52.263233
phase2_24_48_ott_v1,20251212_F08_e01__24to26,20251212_F08_e01,mutant,14,cep290_homozygous,24.0,26.0,25.0,-1225.1952,-561.17847,95.50207,38.484486,64.33482,28.764585,35.59961,43.71723,-49.64584,12.000944
phase2_24_48_ott_v1,20251212_F08_e01__26to28,20251212_F08_e01,mutant,14,cep290_homozygous,26.0,28.0,27.0,-833.8041,-575.0776,-85.25921,42.446323,-45.575413,41.07038,78.29361,-57.256985,-48.515007,95.83755
phase2_24_48_ott_v1,20251212_F08_e01__28to30,20251212_F08_e01,mutant,14,cep290_homozygous,28.0,30.0,29.0,328.58603,-1459.1981,238.51485,72.075035,43.29326,-20.249292,-14.21185,160.36774,26.11088,-2.3843737
phase2_24_48_ott_v1,20251212_F08_e01__30to32,20251212_F08_e01,mutant,14,cep290_homozygous,30.0,32.0,31.0,-1432.2644,-609.2532,211.82133,77.91979,-6.425163,-8.940481,124.3501,74.104164,-102.932655,-41.2575
phase2_24_48_ott_v1,20251212_F08_e01__32to34,20251212_F08_e01,mutant,14,cep290_homozygous,32.0,34.0,33.0,-291.69318,-1230.6212,71.68497,29.098951,-24.76486,-27.157028,-63.796967,22.873987,-0.13396926,42.809658
phase2_24_48_ott_v1,20251212_F08_e01__34to36,20251212_F08_e01,mutant,14,cep290_homozygous,34.0,36.0,35.0,1002.14465,-680.77527,-51.07522,-173.18983,49.345997,-64.76737,-25.693905,41.81637,19.705418,-90.50827
phase2_24_48_ott_v1,20251212_F08_e01__36to38,20251212_F08_e01,mutant,14,cep290_homozygous,36.0,38.0,37.0,-4502.391,-862.11707,495.8626,-265.8212,-69.73995,11.3719015,56.526825,156.29385,-227.29056,42.12477
phase2_24_48_ott_v1,20251212_F08_e01__38to40,20251212_F08_e01,mutant,14,cep290_homozygous,38.0,40.0,39.0,1815.5116,-454.70377,-138.38815,-175.8639,66.67305,-105.44566,-47.858078,-30.821068,55.50535,-30.77605
phase2_24_48_ott_v1,20251212_F08_e01__40to42,20251212_F08_e01,mutant,14,cep290_homozygous,40.0,42.0,41.0,-3111.4778,-1025.9904,278.53165,-291.00333,64.6115,177.84196,10.236454,22.423935,-177.27055,-99.645226
phase2_24_48_ott_v1,20251212_F08_e01__42to44,20251212_F08_e01,mutant,14,cep290_homozygous,42.0,44.0,43.0,2153.8425,-425.2209,-174.37114,-325.82385,173.00108,-85.7633,21.323515,25.55932,44.934544,-171.33482
phase2_24_48_ott_v1,20251212_F08_e01__44to46,20251212_F08_e01,mutant,14,cep290_homozygous,44.0,46.0,45.0,-393.10983,-699.096,61.69789,-92.90223,55.05345,-27.598782,12.454636,12.684916,26.06988,99.00583
phase2_24_48_ott_v1,20251212_F08_e01__46to48,20251212_F08_e01,mutant,14,cep290_homozygous,46.0,48.0,47.0,-1482.6061,-779.35126,179.61191,-83.01843,28.041632,25.634556,25.573332,89.00457,-42.83146,-77.355774
phase2_24_48_ott_v1,20251205_C10_e01__24to26,20251205_C10_e01,mutant,15,cep290_homozygous,24.0,26.0,25.0,-2004.078,156.19908,-13.768887,-212.91547,22.544676,43.786114,94.31711,43.922188,-102.23877,-44.50603
phase2_24_48_ott_v1,20251205_C10_e01__26to28,20251205_C10_e01,mutant,15,cep290_homozygous,26.0,28.0,27.0,577.03455,-1045.1212,130.77344,120.08863,50.626163,4.146268,6.7458677,68.15453,-20.00919,-6.593892
phase2_24_48_ott_v1,20251205_C10_e01__28to30,20251205_C10_e01,mutant,15,cep290_homozygous,28.0,30.0,29.0,1143.7797,-655.96155,-53.636856,-64.466866,-16.878498,-69.9611,-73.77055,-33.686504,63.2071,-83.55684
phase2_24_48_ott_v1,20251205_C10_e01__30to32,20251205_C10_e01,mutant,15,cep290_homozygous,30.0,32.0,31.0,-3232.6628,-380.752,69.13492,355.3548,-99.0095,-11.020212,42.685287,-219.44267,-148.79507,349.8806
phase2_24_48_ott_v1,20251205_C10_e01__32to34,20251205_C10_e01,mutant,15,cep290_homozygous,32.0,34.0,33.0,-974.1596,-700.7562,222.73756,70.412796,-7.937805,21.299925,5.167528,59.2618,-33.146416,-32.31299
phase2_24_48_ott_v1,20251205_C10_e01__34to36,20251205_C10_e01,mutant,15,cep290_homozygous,34.0,36.0,35.0,-1403.7242,-900.52673,153.55606,-22.411493,-21.188244,1.3734093,-61.404827,16.238419,21.971916,59.64995
phase2_24_48_ott_v1,20251205_C10_e01__36to38,20251205_C10_e01,mutant,15,cep290_homozygous,36.0,38.0,37.0,-810.856,-607.4267,105.57711,-40.003498,26.91918,29.657103,49.308666,60.57761,-36.691162,-25.953049
phase2_24_48_ott_v1,20251205_C10_e01__38to40,20251205_C10_e01,mutant,15,cep290_homozygous,38.0,40.0,39.0,1653.6038,-549.9585,-121.25086,-132.74693,57.354588,-132.64465,-57.80179,8.890928,33.719006,-130.54156
phase2_24_48_ott_v1,20251205_C10_e01__40to42,20251205_C10_e01,mutant,15,cep290_homozygous,40.0,42.0,41.0,-1651.8317,-763.6417,227.86102,-159.81462,25.557676,59.976006,57.198112,11.476563,-78.79697,-18.58788
phase2_24_48_ott_v1,20251205_C10_e01__42to44,20251205_C10_e01,mutant,15,cep290_homozygous,42.0,44.0,43.0,-1978.6718,-844.57684,189.3341,56.830162,-85.01283,-0.90559953,3.8512478,50.884098,-50.25208,43.511307
phase2_24_48_ott_v1,20251205_C10_e01__44to46,20251205_C10_e01,mutant,15,cep290_homozygous,44.0,46.0,45.0,4160.3433,305.14587,-236.29366,528.1392,-72.890656,-181.24516,74.4345,-157.74956,27.126194,263.62085
phase2_24_48_ott_v1,20251205_C10_e01__46to48,20251205_C10_e01,mutant,15,cep290_homozygous,46.0,48.0,47.0,-6430.1475,-1119.2174,548.7268,-169.56525,-69.45078,46.278446,-18.4278,-26.74347,-268.4774,108.66357
phase2_24_48_ott_v1,20251212_F11_e01__24to26,20251212_F11_e01,mutant,16,cep290_homozygous,24.0,26.0,25.0,3577.0947,-1404.6139,-133.011,-150.58612,47.028965,-85.75723,-137.96117,185.97052,250.6475,-157.02634
phase2_24_48_ott_v1,20251212_F11_e01__26to28,20251212_F11_e01,mutant,16,cep290_homozygous,26.0,28.0,27.0,-6948.1904,477.56805,339.88693,-183.60037,-356.49203,122.29916,287.9943,-199.13219,-110.34307,35.181404
phase2_24_48_ott_v1,20251212_F11_e01__28to30,20251212_F11_e01,mutant,16,cep290_homozygous,28.0,30.0,29.0,2030.5476,-1422.2518,31.55904,133.99692,72.70696,-46.634132,-138.03171,45.64611,45.392235,16.873524
phase2_24_48_ott_v1,20251212_F11_e01__30to32,20251212_F11_e01,mutant,16,cep290_homozygous,30.0,32.0,31.0,-625.5418,-828.1694,125.47179,-34.451794,14.785368,20.530842,15.3475895,66.24925,-32.014305,-44.539074
phase2_24_48_ott_v1,20251212_F11_e01__32to34,20251212_F11_e01,mutant,16,cep290_homozygous,32.0,34.0,33.0,805.01825,-857.69055,-7.464158,-161.50194,59.609936,-96.18657,-91.56692,-5.9656444,77.96489,1.0152513
phase2_24_48_ott_v1,20251212_F11_e01__34to36,20251212_F11_e01,mutant,16,cep290_homozygous,34.0,36.0,35.0,-1171.2742,-752.8056,153.47183,-80.5802,-4.225779,39.60271,25.488632,36.90922,-0.24260184,7.1421137
phase2_24_48_ott_v1,20251212_F11_e01__36to38,20251212_F11_e01,mutant,16,cep290_homozygous,36.0,38.0,37.0,-630.03345,-653.2026,87.14101,-89.924286,13.408167,-9.7009535,28.815605,52.443184,18.29276,-33.962543
phase2_24_48_ott_v1,20251212_F11_e01__38to40,20251212_F11_e01,mutant,16,cep290_homozygous,38.0,40.0,39.0,-1202.5833,-679.7047,112.14451,-125.39533,25.782936,-26.873728,19.943733,35.23021,-44.623558,-88.46383
phase2_24_48_ott_v1,20251212_F11_e01__40to42,20251212_F11_e01,mutant,16,cep290_homozygous,40.0,42.0,41.0,-2626.4055,-1143.247,378.08517,-265.87033,128.44495,-10.720451,103.03593,143.73323,-71.922165,-120.890205
phase2_24_48_ott_v1,20251212_F11_e01__42to44,20251212_F11_e01,mutant,16,cep290_homozygous,42.0,44.0,43.0,-58.12924,-698.7257,68.18753,-39.337505,12.499706,-3.0368595,2.198494,47.108185,-8.299649,-62.74612
phase2_24_48_ott_v1,20251212_F11_e01__44to46,20251212_F11_e01,mutant,16,cep290_homozygous,44.0,46.0,45.0,-700.036,-732.4358,109.643486,-42.1381,29.150282,-14.371333,2.64279,57.529118,-12.971284,-32.132305
phase2_24_48_ott_v1,20251212_F11_e01__46to48,20251212_F11_e01,mutant,16,cep290_homozygous,46.0,48.0,47.0,-486.77567,-603.58405,91.79909,-7.0545864,24.557455,-13.859404,8.82398,41.04151,-22.575224,-44.3299
phase2_24_48_ott_v1,20250512_D08_e01__24to26,20250512_D08_e01,mutant,17,cep290_homozygous,24.0,26.0,25.0,-315.12036,-698.27423,90.97991,-41.234623,19.44743,7.547312,9.893721,78.014275,-24.889809,-10.731642
phase2_24_48_ott_v1,20250512_D08_e01__26to28,20250512_D08_e01,mutant,17,cep290_homozygous,26.0,28.0,27.0,-319.6648,-763.9384,119.24335,29.160254,34.264824,16.558397,-14.907717,60.128277,-26.189402,-6.5787463
phase2_24_48_ott_v1,20250512_D08_e01__28to30,20250512_D08_e01,mutant,17,cep290_homozygous,28.0,30.0,29.0,-1041.8704,-585.5135,73.42618,8.612973,-49.10733,15.063426,8.862216,-19.24746,-46.20396,30.120575
phase2_24_48_ott_v1,20250512_D08_e01__30to32,20250512_D08_e01,mutant,17,cep290_homozygous,30.0,32.0,31.0,-974.37317,-566.5079,147.27873,17.455912,-28.710978,63.102016,77.997314,37.161465,-52.416325,-5.2790265
phase2_24_48_ott_v1,20250512_D08_e01__32to34,20250512_D08_e01,mutant,17,cep290_homozygous,32.0,34.0,33.0,-768.684,-673.51654,162.9555,63.796047,-36.141163,17.309307,14.275508,30.575747,-13.409592,4.0984855
phase2_24_48_ott_v1,20250512_D08_e01__34to36,20250512_D08_e01,mutant,17,cep290_homozygous,34.0,36.0,35.0,-163.59868,-721.6216,78.022354,-32.75353,-6.587133,-2.5447385,12.631371,31.451077,9.715852,-37.921967
phase2_24_48_ott_v1,20250512_D08_e01__36to38,20250512_D08_e01,mutant,17,cep290_homozygous,36.0,38.0,37.0,528.19366,-654.4001,44.290237,-73.40708,70.90409,-52.01747,-18.618694,51.492905,23.586195,-102.44412
phase2_24_48_ott_v1,20250512_D08_e01__38to40,20250512_D08_e01,mutant,17,cep290_homozygous,38.0,40.0,39.0,93.56636,-725.9099,23.046177,-101.31194,7.763745,-33.076366,-6.50873,50.288906,17.589462,-46.26479
phase2_24_48_ott_v1,20250512_D08_e01__40to42,20250512_D08_e01,mutant,17,cep290_homozygous,40.0,42.0,41.0,820.7386,-514.2538,-14.847832,29.47939,58.69501,34.256138,-6.081634,55.309944,-37.07571,-82.223915
phase2_24_48_ott_v1,20250512_D08_e01__42to44,20250512_D08_e01,mutant,17,cep290_homozygous,42.0,44.0,43.0,-1002.9558,-726.4004,149.56816,6.3974614,-33.26018,61.142868,52.017582,38.049377,-2.4811137,50.82781
phase2_24_48_ott_v1,20250512_D08_e01__44to46,20250512_D08_e01,mutant,17,cep290_homozygous,44.0,46.0,45.0,-167.15411,-646.3425,60.643913,-58.205975,36.057076,-6.4847307,11.630236,39.467308,-8.908245,-45.840935
phase2_24_48_ott_v1,20250512_D08_e01__46to48,20250512_D08_e01,mutant,17,cep290_homozygous,46.0,48.0,47.0,406.87384,-721.87317,14.105839,-57.71205,21.187887,-7.8146243,-8.880983,32.357613,6.3267303,-20.403692
phase2_24_48_ott_v1,20251205_A03_e01__24to26,20251205_A03_e01,mutant,18,cep290_homozygous,24.0,26.0,25.0,-912.0697,-383.60022,72.832214,32.97733,31.784306,11.430508,27.459019,25.586317,-35.78799,-13.23933
phase2_24_48_ott_v1,20251205_A03_e01__26to28,20251205_A03_e01,mutant,18,cep290_homozygous,26.0,28.0,27.0,-1706.0714,-358.0033,103.48492,119.23351,-31.620508,54.707264,55.50594,-7.2118106,-113.850136,98.40412
phase2_24_48_ott_v1,20251205_A03_e01__28to30,20251205_A03_e01,mutant,18,cep290_homozygous,28.0,30.0,29.0,-880.9152,-446.38025,64.8112,-55.253567,24.582481,-14.738845,26.188482,-12.416221,-68.83463,-36.914864
phase2_24_48_ott_v1,20251205_A03_e01__30to32,20251205_A03_e01,mutant,18,cep290_homozygous,30.0,32.0,31.0,-1377.5155,-571.46075,127.06143,-17.667923,0.36703148,67.8207,69.72348,68.58781,-126.337776,13.857731
phase2_24_48_ott_v1,20251205_A03_e01__32to34,20251205_A03_e01,mutant,18,cep290_homozygous,32.0,34.0,33.0,-137.79926,-681.1106,38.907295,-39.422504,-2.2371387,7.1516094,-2.195926,29.436228,-0.7718947,-42.90335
phase2_24_48_ott_v1,20251205_A03_e01__34to36,20251205_A03_e01,mutant,18,cep290_homozygous,34.0,36.0,35.0,-439.09467,-724.9443,92.404106,71.36585,-19.609024,-42.432613,-24.344831,54.37276,17.897825,59.66579
phase2_24_48_ott_v1,20251205_A03_e01__36to38,20251205_A03_e01,mutant,18,cep290_homozygous,36.0,38.0,37.0,-210.9805,-895.9537,103.586266,-19.18409,47.6176,-3.5392697,8.992265,50.44679,-12.791234,3.8707814
phase2_24_48_ott_v1,20251205_A03_e01__38to40,20251205_A03_e01,mutant,18,cep290_homozygous,38.0,40.0,39.0,415.7668,-763.4859,34.914516,-31.856888,47.513485,-16.264158,-34.804104,44.423077,-7.7416673,-17.384289
phase2_24_48_ott_v1,20251205_A03_e01__40to42,20251205_A03_e01,mutant,18,cep290_homozygous,40.0,42.0,41.0,21132.396,4530.3506,-4405.702,-349.7018,-196.53337,1669.6844,-1305.7146,-2442.9744,2582.6538,-181.19456
phase2_24_48_ott_v1,20251205_A03_e01__42to44,20251205_A03_e01,mutant,18,cep290_homozygous,42.0,44.0,43.0,-14907.617,12877.81,-1132.5249,-649.8424,-476.0827,237.69511,119.328766,-1.7503303,-741.27484,1527.7174
phase2_24_48_ott_v1,20251205_A03_e01__44to46,20251205_A03_e01,mutant,18,cep290_homozygous,44.0,46.0,45.0,-420.65115,-556.5154,67.80026,8.444856,40.581547,14.871683,27.584618,51.912373,-25.764772,-15.2780695
phase2_24_48_ott_v1,20251205_A03_e01__46to48,20251205_A03_e01,mutant,18,cep290_homozygous,46.0,48.0,47.0,-1214.1467,-769.2628,153.01935,-70.39759,-3.935381,9.17311,14.182645,62.15836,-51.140026,-42.39498
phase2_24_48_ott_v1,20251112_D08_e01__24to26,20251112_D08_e01,mutant,19,cep290_homozygous,24.0,26.0,25.0,-5696.743,505.00793,-35.904915,-450.21912,-114.76478,124.84714,346.04803,175.25354,-222.22159,-354.6673
phase2_24_48_ott_v1,20251112_D08_e01__26to28,20251112_D08_e01,mutant,19,cep290_homozygous,26.0,28.0,27.0,-1011.4256,-643.8248,115.800934,3.795206,20.007072,36.160667,38.830196,50.597317,-76.76626,10.457893
phase2_24_48_ott_v1,20251112_D08_e01__28to30,20251112_D08_e01,mutant,19,cep290_homozygous,28.0,30.0,29.0,5624.825,-1574.7916,-455.60703,-379.96194,34.65242,-244.81161,-226.2596,100.70562,240.72775,35.109825
phase2_24_48_ott_v1,20251112_D08_e01__30to32,20251112_D08_e01,mutant,19,cep290_homozygous,30.0,32.0,31.0,-5952.326,116.784004,101.49711,-809.99744,63.914932,59.389038,161.18904,69.00141,-104.559006,-601.50385
phase2_24_48_ott_v1,20251112_D08_e01__32to34,20251112_D08_e01,mutant,19,cep290_homozygous,32.0,34.0,33.0,-3585.5837,-898.6507,352.17288,-74.51975,-35.399055,-12.270373,55.127007,-42.049656,-25.140152,71.703125
phase2_24_48_ott_v1,20251112_D08_e01__34to36,20251112_D08_e01,mutant,19,cep290_homozygous,34.0,36.0,35.0,5457.237,-735.41943,-179.64586,244.39998,129.36343,-146.2149,-273.69876,76.82883,219.72885,234.14078
phase2_24_48_ott_v1,20251112_D08_e01__36to38,20251112_D08_e01,mutant,19,cep290_homozygous,36.0,38.0,37.0,-4560.347,-848.89496,496.11188,-148.49886,63.105793,160.92195,129.37393,144.86362,-211.44264,-56.34996
phase2_24_48_ott_v1,20251112_D08_e01__38to40,20251112_D08_e01,mutant,19,cep290_homozygous,38.0,40.0,39.0,-319.2951,-674.55615,69.4124,-99.0419,20.842398,-18.40027,3.8625655,5.1652617,5.605815,-7.942361
phase2_24_48_ott_v1,20251112_D08_e01__40to42,20251112_D08_e01,mutant,19,cep290_homozygous,40.0,42.0,41.0,-2579.3103,-736.7465,146.63095,-267.72162,22.70632,188.10194,102.96833,121.660614,-92.94331,-164.7781
phase2_24_48_ott_v1,20251112_D08_e01__42to44,20251112_D08_e01,mutant,19,cep290_homozygous,42.0,44.0,43.0,2616.8452,-746.07184,-252.53368,-296.21497,141.0965,-40.098206,-98.73104,-1.0467786,78.11071,-55.321304
phase2_24_48_ott_v1,20251112_D08_e01__44to46,20251112_D08_e01,mutant,19,cep290_homozygous,44.0,46.0,45.0,-2708.2014,-1064.644,446.1534,139.44019,52.498653,175.97829,73.19368,150.25499,-159.97112,74.53999
phase2_24_48_ott_v1,20251112_D08_e01__46to48,20251112_D08_e01,mutant,19,cep290_homozygous,46.0,48.0,47.0,25303.95,5591.5063,-9752.234,-5009.143,-2650.039,-5062.4375,-2053.875,-17236.049,30712.783,-20905.766
phase2_24_48_ott_v1,20251212_E10_e01__24to26,20251212_E10_e01,mutant,20,cep290_homozygous,24.0,26.0,25.0,-3054.8196,-578.6095,208.38373,-34.960083,-4.5698967,100.25885,74.41644,82.40445,-194.59558,68.03136
phase2_24_48_ott_v1,20251212_E10_e01__26to28,20251212_E10_e01,mutant,20,cep290_homozygous,26.0,28.0,27.0,994.58435,-745.6616,-64.74014,-112.5616,-29.875772,-48.5799,-70.51668,-7.1094623,40.445187,-42.442223
phase2_24_48_ott_v1,20251212_E10_e01__28to30,20251212_E10_e01,mutant,20,cep290_homozygous,28.0,30.0,29.0,1556.2458,-2173.1458,360.89636,137.41713,-21.203663,-55.352554,-24.474833,50.51152,31.839031,21.33804
phase2_24_48_ott_v1,20251212_E10_e01__30to32,20251212_E10_e01,mutant,20,cep290_homozygous,30.0,32.0,31.0,-2517.3145,-238.46506,128.3036,112.57169,-111.60923,59.0925,2.0675364,-38.824562,-116.443016,147.14522
phase2_24_48_ott_v1,20251212_E10_e01__32to34,20251212_E10_e01,mutant,20,cep290_homozygous,32.0,34.0,33.0,226.89526,-793.0224,20.011305,-119.27853,-2.5562005,-45.12552,-49.62826,0.019919937,70.05864,-6.796147
phase2_24_48_ott_v1,20251212_E10_e01__34to36,20251212_E10_e01,mutant,20,cep290_homozygous,34.0,36.0,35.0,1201.9109,-622.5305,81.97666,38.661926,78.41963,-2.3626187,-22.110756,2.3906915,50.163456,55.081905
phase2_24_48_ott_v1,20251212_E10_e01__36to38,20251212_E10_e01,mutant,20,cep290_homozygous,36.0,38.0,37.0,-796.4303,-693.85834,95.576584,-50.7519,30.944668,-10.461854,12.528913,54.917767,-19.907444,-25.090332
phase2_24_48_ott_v1,20251212_E10_e01__38to40,20251212_E10_e01,mutant,20,cep290_homozygous,38.0,40.0,39.0,-2338.894,-803.00037,221.22047,-90.45207,95.94392,-9.947158,-20.589481,49.8709,-26.755167,-71.69822
phase2_24_48_ott_v1,20251212_E10_e01__40to42,20251212_E10_e01,mutant,20,cep290_homozygous,40.0,42.0,41.0,-1051.1707,-701.4445,151.98306,0.71269596,29.405476,-11.12588,7.0212855,37.575943,-42.665344,8.501806
phase2_24_48_ott_v1,20251212_E10_e01__42to44,20251212_E10_e01,mutant,20,cep290_homozygous,42.0,44.0,43.0,-189.70825,-629.5176,95.30124,-19.085173,30.264238,-18.194014,-0.9964854,54.47884,-22.308472,-33.84957
phase2_24_48_ott_v1,20251212_E10_e01__44to46,20251212_E10_e01,mutant,20,cep290_homozygous,44.0,46.0,45.0,320.83978,-668.71844,74.475044,-107.4242,57.06561,-24.0864,16.585712,39.307602,-1.3040138,-127.93629
phase2_24_48_ott_v1,20251212_E10_e01__46to48,20251212_E10_e01,mutant,20,cep290_homozygous,46.0,48.0,47.0,-2187.425,-741.03864,145.89282,30.10399,79.79838,37.511517,78.14184,5.5637884,-40.89364,-69.847946
phase2_24_48_ott_v1,20251212_H07_e01__24to26,20251212_H07_e01,reference_wt,1,cep290_wildtype,24.0,26.0,25.0,3302.2888,-1606.3207,192.51329,137.83159,-70.202995,-64.80404,-135.20763,197.26132,57.451427,-204.21611
phase2_24_48_ott_v1,20251212_H07_e01__26to28,20251212_H07_e01,reference_wt,1,cep290_wildtype,26.0,28.0,27.0,-2920.0957,-137.40836,203.05453,154.60066,29.37273,59.262684,18.003239,-168.35855,-113.52121,168.6478
phase2_24_48_ott_v1,20251212_H07_e01__28to30,20251212_H07_e01,reference_wt,1,cep290_wildtype,28.0,30.0,29.0,1353.7502,-1149.0062,82.81884,-192.44125,31.410723,17.463575,-36.028812,153.77745,97.845566,-137.2059
phase2_24_48_ott_v1,20251212_H07_e01__30to32,20251212_H07_e01,reference_wt,1,cep290_wildtype,30.0,32.0,31.0,426.7698,-731.0509,-75.91814,-128.50952,7.9177837,-53.079998,-68.79497,-10.435829,70.28961,-2.272796
phase2_24_48_ott_v1,20251212_H07_e01__32to34,20251212_H07_e01,reference_wt,1,cep290_wildtype,32.0,34.0,33.0,-5435.4517,-397.12967,489.31427,-98.43355,-139.06653,114.11653,17.231058,51.361397,-181.31177,-16.837812
phase2_24_48_ott_v1,20251212_H07_e01__34to36,20251212_H07_e01,reference_wt,1,cep290_wildtype,34.0,36.0,35.0,103.13233,-541.48914,39.85387,-31.22362,34.243286,9.937043,-16.594574,29.440052,-1.1071995,-19.139763
phase2_24_48_ott_v1,20251212_H07_e01__36to38,20251212_H07_e01,reference_wt,1,cep290_wildtype,36.0,38.0,37.0,-2964.1602,-1036.396,346.10867,-177.396,45.505344,91.38743,34.158348,7.026939,-118.58017,-63.212143
phase2_24_48_ott_v1,20251212_H07_e01__38to40,20251212_H07_e01,reference_wt,1,cep290_wildtype,38.0,40.0,39.0,-140.18268,-565.83044,65.68729,-36.952065,22.95436,8.310176,11.275804,36.89986,-11.669514,-57.921165
phase2_24_48_ott_v1,20251212_H07_e01__40to42,20251212_H07_e01,reference_wt,1,cep290_wildtype,40.0,42.0,41.0,-1625.1333,-950.6373,116.73733,-254.05733,-36.79221,-3.3065016,22.451834,70.99662,9.655172,-85.13081
phase2_24_48_ott_v1,20251212_H07_e01__42to44,20251212_H07_e01,reference_wt,1,cep290_wildtype,42.0,44.0,43.0,1303.7429,-612.00745,74.2486,233.38756,42.009705,12.958206,-54.66482,6.134306,58.589355,39.7047
phase2_24_48_ott_v1,20251212_H07_e01__44to46,20251212_H07_e01,reference_wt,1,cep290_wildtype,44.0,46.0,45.0,1455.8214,-582.2439,-11.4626255,106.76281,10.006906,-31.725578,-42.69932,-25.03358,74.87385,77.526695
phase2_24_48_ott_v1,20251212_H07_e01__46to48,20251212_H07_e01,reference_wt,1,cep290_wildtype,46.0,48.0,47.0,189.51338,-353.31256,82.45956,87.744316,-8.100578,62.190342,55.414288,29.219437,-28.818655,-5.7593307
phase2_24_48_ott_v1,20251112_H05_e01__24to26,20251112_H05_e01,reference_wt,2,cep290_wildtype,24.0,26.0,25.0,2065.114,-1574.5372,182.22037,165.83049,121.71418,-48.58101,-143.23485,-59.316868,6.9552226,-5.4005775
phase2_24_48_ott_v1,20251112_H05_e01__26to28,20251112_H05_e01,reference_wt,2,cep290_wildtype,26.0,28.0,27.0,-730.4386,-468.9676,73.62762,-41.829296,44.593678,-8.5953455,-7.8240466,31.586048,-38.106052,-5.727029
phase2_24_48_ott_v1,20251112_H05_e01__28to30,20251112_H05_e01,reference_wt,2,cep290_wildtype,28.0,30.0,29.0,-1495.0222,-659.3414,68.53388,1.8189356,35.41831,1.6154017,5.0990734,44.225292,18.45588,-51.237007
phase2_24_48_ott_v1,20251112_H05_e01__30to32,20251112_H05_e01,reference_wt,2,cep290_wildtype,30.0,32.0,31.0,-983.0272,-792.5296,76.84623,-18.446573,-16.861177,-7.5518107,-29.792885,27.619062,-141.29091,58.782963
phase2_24_48_ott_v1,20251112_H05_e01__32to34,20251112_H05_e01,reference_wt,2,cep290_wildtype,32.0,34.0,33.0,-1564.1382,-577.31726,162.51431,80.03976,-14.4409075,60.888607,16.463676,0.08274238,-79.50361,95.28248
phase2_24_48_ott_v1,20251112_H05_e01__34to36,20251112_H05_e01,reference_wt,2,cep290_wildtype,34.0,36.0,35.0,-592.6853,-750.9582,125.17859,3.4958446,15.423823,-18.10072,-2.177754,41.835693,-13.462022,22.650255
phase2_24_48_ott_v1,20251112_H05_e01__36to38,20251112_H05_e01,reference_wt,2,cep290_wildtype,36.0,38.0,37.0,-1524.2166,-861.6033,293.46466,100.518906,-103.8663,9.312207,63.495903,78.74641,-60.26807,29.175653
phase2_24_48_ott_v1,20251112_H05_e01__38to40,20251112_H05_e01,reference_wt,2,cep290_wildtype,38.0,40.0,39.0,-1089.7769,-795.37067,172.06793,-48.105835,5.559923,18.177113,33.401802,60.49055,-44.09164,-2.9700012
phase2_24_48_ott_v1,20251112_H05_e01__40to42,20251112_H05_e01,reference_wt,2,cep290_wildtype,40.0,42.0,41.0,-1699.7084,-732.777,228.53212,-12.501028,43.579647,19.811613,67.798645,93.72575,-52.505775,16.864248
phase2_24_48_ott_v1,20251112_H05_e01__42to44,20251112_H05_e01,reference_wt,2,cep290_wildtype,42.0,44.0,43.0,31173.912,8853.22,-11914.14,-15145.881,35016.645,-774.3626,21813.082,4031.2734,-5146.3955,3428.1252
phase2_24_48_ott_v1,20251112_H05_e01__44to46,20251112_H05_e01,reference_wt,2,cep290_wildtype,44.0,46.0,45.0,-21216.957,33706.95,-4478.357,560.3893,-200.42973,-1104.9266,-3314.8418,-454.71674,4250.805,6706.6987
phase2_24_48_ott_v1,20251112_H05_e01__46to48,20251112_H05_e01,reference_wt,2,cep290_wildtype,46.0,48.0,47.0,-3331.4539,-752.14404,276.29074,-244.76175,-14.628713,52.92346,145.7406,170.11533,-112.45271,-185.78052
phase2_24_48_ott_v1,20251112_F08_e01__24to26,20251112_F08_e01,reference_wt,3,cep290_wildtype,24.0,26.0,25.0,-1110.119,-363.81393,74.60681,-51.912464,6.630833,22.521507,43.16144,21.63623,-51.841297,2.865104
phase2_24_48_ott_v1,20251112_F08_e01__26to28,20251112_F08_e01,reference_wt,3,cep290_wildtype,26.0,28.0,27.0,-12.30862,-701.9929,26.431545,-32.815723,11.904303,-29.444496,-0.21093819,20.114628,11.143635,29.443886
phase2_24_48_ott_v1,20251112_F08_e01__28to30,20251112_F08_e01,reference_wt,3,cep290_wildtype,28.0,30.0,29.0,-725.2754,-571.8732,30.321777,-17.771671,-16.204128,10.1171,10.475626,-19.312582,12.429386,7.284963
phase2_24_48_ott_v1,20251112_F08_e01__30to32,20251112_F08_e01,reference_wt,3,cep290_wildtype,30.0,32.0,31.0,-915.92377,-748.9009,148.21841,-32.00614,15.33652,41.65082,48.81445,58.748882,-48.41595,-53.716816
phase2_24_48_ott_v1,20251112_F08_e01__32to34,20251112_F08_e01,reference_wt,3,cep290_wildtype,32.0,34.0,33.0,-2342.3245,-493.34164,274.77188,101.44809,-69.30399,67.09825,108.61772,63.48848,-113.84215,97.93141
phase2_24_48_ott_v1,20251112_F08_e01__34to36,20251112_F08_e01,reference_wt,3,cep290_wildtype,34.0,36.0,35.0,-1463.6682,-644.6529,107.57973,18.828655,-66.92749,18.945429,-12.634659,-11.175002,-23.426113,59.214973
phase2_24_48_ott_v1,20251112_F08_e01__36to38,20251112_F08_e01,reference_wt,3,cep290_wildtype,36.0,38.0,37.0,-918.1808,-919.3136,142.28723,-105.661125,12.538019,-24.294384,-48.05596,50.466705,15.480413,42.289055
phase2_24_48_ott_v1,20251112_F08_e01__38to40,20251112_F08_e01,reference_wt,3,cep290_wildtype,38.0,40.0,39.0,-1174.9554,-829.4046,141.51764,-120.550285,21.966072,8.873629,25.081594,68.22711,-14.269686,-57.75219
phase2_24_48_ott_v1,20251112_F08_e01__40to42,20251112_F08_e01,reference_wt,3,cep290_wildtype,40.0,42.0,41.0,-338.8442,-666.985,114.39359,-76.442345,40.299835,3.029111,15.436788,58.75947,13.359932,-43.18395
phase2_24_48_ott_v1,20251112_F08_e01__42to44,20251112_F08_e01,reference_wt,3,cep290_wildtype,42.0,44.0,43.0,2877.0654,-418.373,-90.71125,164.31673,-11.247371,-65.88057,-3.7672148,6.714328,109.47633,63.78679
phase2_24_48_ott_v1,20251112_F08_e01__44to46,20251112_F08_e01,reference_wt,3,cep290_wildtype,44.0,46.0,45.0,-3350.0066,-837.6133,348.68604,-103.98714,116.26085,102.64166,-44.61285,130.14331,-131.72523,83.52228
phase2_24_48_ott_v1,20251112_F08_e01__46to48,20251112_F08_e01,reference_wt,3,cep290_wildtype,46.0,48.0,47.0,28593.07,9914.438,-3691.4998,19980.662,-20742.914,-10400.772,26242.465,10230.201,-11997.187,-12611.591
